Price,Adj Close,Close,High,Low,Open,Volume
Ticker,GOOG,GOOG,GOOG,GOOG,GOOG,GOOG
Date,,,,,,
2016-01-04,36.789955139160156,37.09199905395508,37.202999114990234,36.56290054321289,37.150001525878906,65456000
2016-01-05,36.8266487121582,37.12900161743164,37.599998474121094,36.93199920654297,37.3224983215332,39014000
2016-01-06,36.87823486328125,37.180999755859375,37.35900115966797,36.44599914550781,36.5,38940000
2016-01-07,36.02375030517578,36.31949996948242,36.92499923706055,35.952999114990234,36.515499114990234,59274000
2016-01-08,35.43260192871094,35.7234992980957,36.6614990234375,35.650001525878906,36.5724983215332,49018000
2016-01-11,35.50996398925781,35.80149841308594,35.9427490234375,35.176998138427734,35.830501556396484,41812000
2016-01-12,36.00788116455078,36.30350112915039,36.4375,35.865848541259766,36.08399963378906,40490000
2016-01-13,34.742767333984375,35.02799987792969,36.73699951171875,34.93050003051758,36.54249954223633,50034000
2016-01-14,35.44499969482422,35.736000061035156,36.096248626708984,34.45500183105469,35.26900100708008,44516000
2016-01-15,34.439754486083984,34.72249984741211,35.33700180053711,34.26850128173828,34.614498138427734,72162000
2016-01-19,34.80376052856445,35.089500427246094,35.499000549316406,34.670501708984375,35.165000915527344,45362000
2016-01-20,34.638126373291016,34.92250061035156,35.342498779296875,33.66299819946289,34.43050003051758,68900000
2016-01-21,35.04180908203125,35.329498291015625,35.95949935913086,34.722999572753906,35.10900115966797,48244000
2016-01-22,35.96720504760742,36.26250076293945,36.40650177001953,36.00605010986328,36.18000030517578,40236000
2016-01-25,35.293739318847656,35.583499908447266,36.48400115966797,35.5004997253418,36.17900085449219,34234000
2016-01-26,35.3616828918457,35.652000427246094,35.91400146484375,35.32400131225586,35.692501068115234,26634000
2016-01-27,34.71449661254883,34.9995002746582,35.91175079345703,34.71950149536133,35.68349838256836,43884000
2016-01-28,36.25038528442383,36.54800033569336,36.68450164794922,35.61750030517578,36.111000061035156,53528000
2016-01-29,36.84500503540039,37.147499084472656,37.2495002746582,36.34000015258789,36.576499938964844,69486000
2016-02-01,37.293819427490234,37.599998474121094,37.893001556396484,37.16350173950195,37.52299880981445,102784000
2016-02-02,37.92116928100586,38.23249816894531,39.493499755859375,38.23249816894531,39.224998474121094,126962000
2016-02-03,36.05152130126953,36.34749984741211,38.724998474121094,36.025001525878906,38.51100158691406,123420000
2016-02-04,35.11223602294922,35.4005012512207,36.349998474121094,35.09299850463867,36.140499114990234,103374000
2016-02-05,33.90018081665039,34.17850112915039,35.199501037597656,34.00749969482422,35.19350051879883,102114000
2016-02-08,33.8590202331543,34.137001037597656,34.201499938964844,33.15299987792969,33.39250183105469,84948000
2016-02-09,33.6294059753418,33.90549850463867,34.994998931884766,33.438499450683594,33.61600112915039,72178000
2016-02-10,33.92745590209961,34.20600128173828,35.06549835205078,34.10649871826172,34.34299850463867,52760000
2016-02-11,33.87736511230469,34.15549850463867,34.467498779296875,33.44340133666992,33.75,60480000
2016-02-12,33.84215545654297,34.119998931884766,34.6875,33.93000030517578,34.51300048828125,42828000
2016-02-16,34.268653869628906,34.54999923706055,34.900001525878906,34.252498626708984,34.64899826049805,50400000
2016-02-17,35.131568908691406,35.41999816894531,35.48749923706055,34.569000244140625,34.90449905395508,49852000
2016-02-18,34.58357238769531,34.86750030517578,35.61750030517578,34.80149841308594,35.5,37664000
2016-02-19,34.7601203918457,35.045501708984375,35.154048919677734,34.70249938964844,34.75149917602539,31786000
2016-02-22,35.035362243652344,35.323001861572266,35.6619987487793,35.1254997253418,35.372501373291016,38996000
2016-02-23,34.509178161621094,34.79249954223633,35.41999816894531,34.67900085449219,35.0724983215332,40186000
2016-02-24,34.69316482543945,34.97800064086914,35.0,34.03900146484375,34.44599914550781,39272000
2016-02-25,35.00014877319336,35.287498474121094,35.29899978637695,34.52925109863281,35.0004997253418,32844000
2016-02-26,34.9664306640625,35.253501892089844,35.67150115966797,35.042999267578125,35.42900085449219,44870000
2016-02-29,34.604400634765625,34.88850021362305,35.544498443603516,34.88399887084961,35.01599884033203,49622000
2016-03-01,35.647830963134766,35.94049835205078,35.94049835205078,34.98849868774414,35.180999755859375,43028000
2016-03-02,35.649818420410156,35.942501068115234,36.0,35.599998474121094,35.95000076293945,32580000
2016-03-03,35.330928802490234,35.62099838256836,35.97249984741211,35.30099868774414,35.933998107910156,39160000
2016-03-04,35.25505447387695,35.544498443603516,35.824501037597656,35.30099868774414,35.7495002746582,39442000
2016-03-07,34.4749641418457,34.757999420166016,35.40454864501953,34.345001220703125,35.345001220703125,59702000
2016-03-08,34.415950775146484,34.69850158691406,35.18949890136719,34.266998291015625,34.429500579833984,41526000
2016-03-09,34.974857330322266,35.262001037597656,35.284000396728516,34.70000076293945,34.923500061035156,28430000
2016-03-10,35.350772857666016,35.64099884033203,35.821998596191406,35.167999267578125,35.40599822998047,56670000
2016-03-11,36.04507064819336,36.340999603271484,36.34600067138672,35.85625076293945,36.0,39416000
2016-03-14,36.22707748413086,36.52450180053711,36.775001525878906,36.25749969482422,36.34049987792969,34366000
2016-03-15,36.11994934082031,36.416500091552734,36.614498138427734,36.23849868774414,36.34600067138672,34420000
2016-03-16,36.504798889160156,36.804500579833984,36.87350082397461,36.22549819946289,36.31850051879883,32488000
2016-03-17,36.5886116027832,36.888999938964844,37.153499603271484,36.79999923706055,36.8224983215332,37216000
2016-03-18,36.579681396484375,36.880001068115234,37.099998474121094,36.59149932861328,37.09299850463867,59614000
2016-03-21,36.80236053466797,37.10449981689453,37.125,36.67580032348633,36.82500076293945,36730000
2016-03-22,36.73590087890625,37.037498474121094,37.25,36.87300109863281,36.87300109863281,25394000
2016-03-23,36.602500915527344,36.90299987792969,37.2859992980957,36.807498931884766,37.11800003051758,28642000
2016-03-24,36.46561813354492,36.76499938964844,36.88734817504883,36.54999923706055,36.60049819946289,31898000
2016-03-28,36.377838134765625,36.67649841308594,36.949501037597656,36.625,36.839500427246094,26026000
2016-03-29,36.935264587402344,37.23849868774414,37.36249923706055,36.4379997253418,36.72949981689453,38076000
2016-03-30,37.220916748046875,37.5265007019043,37.89400100708008,37.4370002746582,37.505001068115234,35648000
2016-03-31,36.94418716430664,37.247501373291016,37.54249954223633,37.047000885009766,37.462501525878906,34376000
2016-04-01,37.19016647338867,37.49549865722656,37.516998291015625,36.849998474121094,36.93000030517578,31534000
2016-04-04,36.9610481262207,37.26449966430664,37.63999938964844,37.121498107910156,37.50299835205078,22684000
2016-04-05,36.589599609375,36.88999938964844,37.13999938964844,36.76850128173828,36.900001525878906,22646000
2016-04-06,36.98088836669922,37.28450012207031,37.3120002746582,36.77799987792969,36.78850173950195,21074000
2016-04-07,36.712589263916016,37.013999938964844,37.349998474121094,36.81399917602539,37.26850128173828,29064000
2016-04-08,36.656551361083984,36.95750045776367,37.272499084472656,36.77750015258789,37.19850158691406,25816000
2016-04-11,36.50529861450195,36.80500030517578,37.25,36.8025016784668,37.1510009765625,24402000
2016-04-12,36.85194778442383,37.15449905395508,37.19150161743164,36.550498962402344,36.900001525878906,27060000
2016-04-13,37.27993392944336,37.58599853515625,37.71900177001953,37.213050842285156,37.45800018310547,34142000
2016-04-14,37.35333251953125,37.65999984741211,37.865501403808594,37.635250091552734,37.70050048828125,22706000
2016-04-15,37.640968322753906,37.95000076293945,38.04999923706055,37.634700775146484,37.69900131225586,36186000
2016-04-18,38.018375396728516,38.330501556396484,38.40250015258789,37.8650016784668,38.02299880981445,31176000
2016-04-19,37.389530181884766,37.69649887084961,38.494998931884766,37.46649932861328,38.47549819946289,40610000
2016-04-20,37.327049255371094,37.63349914550781,37.90660095214844,37.5004997253418,37.900001525878906,30584000
2016-04-21,37.64791488647461,37.957000732421875,38.022499084472656,37.477500915527344,37.76900100708008,61210000
2016-04-22,35.645851135253906,35.938499450683594,36.805999755859375,35.68050003051758,36.314998626708984,119038000
2016-04-25,35.86306381225586,36.157501220703125,36.19649887084961,35.77949905395508,35.80500030517578,39184000
2016-04-26,35.118682861328125,35.40700149536133,36.288299560546875,35.15129852294922,36.270999908447266,54892000
2016-04-27,35.004615783691406,35.29199981689453,35.44900131225586,34.61825180053711,35.364498138427734,61972000
2016-04-28,34.2696533203125,34.55099868774414,35.708499908447266,34.477500915527344,35.41299819946289,57346000
2016-04-29,34.368343353271484,34.6505012512207,34.88100051879883,34.45000076293945,34.53499984741211,49754000
2016-05-02,34.626220703125,34.910499572753906,35.03200149536133,34.54999923706055,34.881500244140625,32906000
2016-05-03,34.33610153198242,34.61800003051758,34.891998291015625,34.599998474121094,34.84349822998047,30876000
2016-05-04,34.50174331665039,34.78499984741211,34.98749923706055,34.45050048828125,34.52450180053711,33870000
2016-05-05,34.78590774536133,35.07149887084961,35.11600112915039,34.7859992980957,34.8849983215332,33670000
2016-05-06,35.26646041870117,35.555999755859375,35.59299850463867,34.90534973144531,34.91899871826172,36586000
2016-05-09,35.35474395751953,35.64500045776367,35.93550109863281,35.5,35.599998474121094,30206000
2016-05-10,35.86455535888672,36.159000396728516,36.17499923706055,35.7859992980957,35.837501525878906,31392000
2016-05-11,35.4732666015625,35.76449966430664,36.2239990234375,35.63999938964844,36.170501708984375,33842000
2016-05-12,35.37507629394531,35.66550064086914,35.962501525878906,35.45000076293945,35.85300064086914,27214000
2016-05-13,35.25208282470703,35.541500091552734,35.833099365234375,35.4630012512207,35.596500396728516,26290000
2016-05-16,35.532779693603516,35.824501037597656,35.92399978637695,35.282501220703125,35.45650100708008,26342000
2016-05-17,35.023956298828125,35.311500549316406,36.07600021362305,35.205501556396484,35.79949951171875,40024000
2016-05-18,35.043792724609375,35.33150100708008,35.58000183105469,35.03150177001953,35.18349838256836,35336000
2016-05-19,34.730857849121094,35.01599884033203,35.29999923706055,34.84000015258789,35.11800003051758,33404000
2016-05-20,35.198028564453125,35.48699951171875,35.729000091552734,35.0260009765625,35.08100128173828,36568000
2016-05-23,34.925270080566406,35.21200180053711,35.57389831542969,35.20899963378906,35.326499938964844,26614000
2016-05-24,35.71131134033203,36.00450134277344,36.048500061035156,35.34299850463867,35.34299850463867,38590000
2016-05-25,35.96820068359375,36.26350021362305,36.3754997253418,35.98524856567383,36.03799819946289,32584000
2016-05-26,35.91117477416992,36.20600128173828,36.416500091552734,36.013999938964844,36.14350128173828,31526000
2016-05-27,36.33469772338867,36.632999420166016,36.696800231933594,36.20000076293945,36.20050048828125,39500000
2016-05-31,36.486446380615234,36.7859992980957,36.98649978637695,36.5629997253418,36.58700180053711,42590000
2016-06-01,36.408592224121094,36.70750045776367,36.86050033569336,36.53300094604492,36.72650146484375,25072000
2016-06-02,36.222618103027344,36.52000045776367,36.6510009765625,36.208499908447266,36.625,26836000
2016-06-03,35.82289123535156,36.117000579833984,36.4744987487793,36.02799987792969,36.4635009765625,24526000
2016-06-06,35.53574752807617,35.82749938964844,36.24549865722656,35.730499267578125,36.24549865722656,31306000
2016-06-07,35.54071044921875,35.83250045776367,36.0989990234375,35.82749938964844,35.992000579833984,26724000
2016-06-08,36.11748123168945,36.41400146484375,36.42850112915039,36.02899932861328,36.198001861572266,31674000
2016-06-09,36.132354736328125,36.42900085449219,36.47700119018555,36.116798400878906,36.14350128173828,19778000
2016-06-10,35.67759323120117,35.97050094604492,36.294498443603516,35.82149887084961,35.9734992980957,24328000
2016-06-13,35.625518798828125,35.917999267578125,36.27199935913086,35.82550048828125,35.82550048828125,25178000
2016-06-14,35.621055603027344,35.91350173950195,36.12350082397461,35.65599822998047,35.82400131225586,26122000
2016-06-15,35.65328598022461,35.94599914550781,36.14899826049805,35.865501403808594,35.95000076293945,24290000
2016-06-16,35.2287712097168,35.518001556396484,35.83250045776367,35.16299819946289,35.74549865722656,39650000
2016-06-17,34.30436325073242,34.58599853515625,35.441001892089844,34.42259979248047,35.432498931884766,68048000
2016-06-20,34.40305709838867,34.68550109863281,35.124000549316406,34.670501708984375,34.938499450683594,41650000
2016-06-21,34.51364517211914,34.797000885009766,35.13850021362305,34.60049819946289,34.91999816894531,29312000
2016-06-22,34.58903121948242,34.87300109863281,35.042999267578125,34.65409851074219,34.952999114990234,23686000
2016-06-23,34.8077278137207,35.09349822998047,35.09749984741211,34.349998474121094,34.872501373291016,43428000
2016-06-24,33.48609161376953,33.76100158691406,34.470001220703125,33.67250061035156,33.75849914550781,88980000
2016-06-27,33.14091491699219,33.41299819946289,33.6150016784668,33.16419982910156,33.54999923706055,52580000
2016-06-28,33.72511672973633,34.00199890136719,34.01649856567383,33.650001525878906,33.94850158691406,43476000
2016-06-29,33.926963806152344,34.205501556396484,34.3714485168457,34.070499420166016,34.150001525878906,38652000
2016-06-30,34.32320785522461,34.60499954223633,34.61600112915039,34.182498931884766,34.27349853515625,31954000
2016-07-01,34.67581558227539,34.96049880981445,35.032501220703125,34.60649871826172,34.61000061035156,26894000
2016-07-05,34.46454620361328,34.747501373291016,34.84700012207031,34.444000244140625,34.803001403808594,29252000
2016-07-06,34.604400634765625,34.88850021362305,35.08399963378906,34.454498291015625,34.499000549316406,28238000
2016-07-07,34.48488235473633,34.768001556396484,34.90999984741211,34.41075134277344,34.90399932861328,26084000
2016-07-08,34.994205474853516,35.28150177001953,35.285499572753906,34.82175064086914,34.974998474121094,31504000
2016-07-11,35.463348388671875,35.75450134277344,35.82550048828125,35.36199951171875,35.40250015258789,22236000
2016-07-12,35.73859786987305,36.03200149536133,36.14699935913086,35.795501708984375,35.95600128173828,26738000
2016-07-13,35.55707931518555,35.8489990234375,36.20000076293945,35.842498779296875,36.180999755859375,18718000
2016-07-14,35.753963470458984,36.04750061035156,36.11050033569336,35.9015007019043,36.07899856567383,19004000
2016-07-15,35.69940948486328,35.99250030517578,36.2869987487793,35.95275115966797,36.2864990234375,25586000
2016-07-18,36.390235900878906,36.68899917602539,36.80649948120117,36.05950164794922,36.135501861572266,25910000
2016-07-19,36.547943115234375,36.847999572753906,36.8494987487793,36.45000076293945,36.49449920654297,24550000
2016-07-20,36.757720947265625,37.05950164794922,37.10649871826172,36.85499954223633,36.86650085449219,25794000
2016-07-21,36.630760192871094,36.93149948120117,37.08449935913086,36.79154968261719,37.018001556396484,20526000
2016-07-22,36.8345947265625,37.137001037597656,37.1619987487793,36.827999114990234,37.09299850463867,25196000
2016-07-25,36.687294006347656,36.98849868774414,37.13050079345703,36.875,37.03350067138672,20648000
2016-07-26,36.6203498840332,36.92100143432617,37.08449935913086,36.7135009765625,36.95199966430664,23734000
2016-07-27,36.78648376464844,37.0885009765625,37.222999572753906,36.849998474121094,36.91400146484375,30250000
2016-07-28,36.99180221557617,37.295501708984375,37.432498931884766,36.96500015258789,37.35200119018555,70604000
2016-07-29,38.12648391723633,38.43949890136719,38.9275016784668,38.3385009765625,38.635501861572266,76830000
2016-08-01,38.32931900024414,38.64400100708008,39.02149963378906,38.054500579833984,38.054500579833984,54010000
2016-08-02,38.239559173583984,38.55350112915039,38.79199981689453,38.39250183105469,38.43450164794922,35690000
2016-08-03,38.34419631958008,38.659000396728516,38.660499572753906,38.340999603271484,38.35900115966797,25748000
2016-08-04,38.266334533691406,38.580501556396484,38.70349884033203,38.43975067138672,38.611000061035156,22806000
2016-08-05,38.79251480102539,39.111000061035156,39.152000427246094,38.617000579833984,38.68899917602539,36024000
2016-08-08,38.76969909667969,39.0880012512207,39.131500244140625,38.90454864501953,39.099998474121094,22158000
2016-08-09,38.89368438720703,39.2130012512207,39.446998596191406,39.028499603271484,39.05500030517578,26378000
2016-08-10,38.91451644897461,39.23400115966797,39.340599060058594,39.13890075683594,39.1875,15728000
2016-08-11,38.922943115234375,39.24250030517578,39.48749923706055,39.14849853515625,39.25,19502000
2016-08-12,38.84210968017578,39.1609992980957,39.16975021362305,39.02000045776367,39.07500076293945,14810000
2016-08-15,38.80342102050781,39.12200164794922,39.3745002746582,39.00550079345703,39.1875,18764000
2016-08-16,38.54058074951172,38.856998443603516,39.04899978637695,38.67219924926758,39.01499938964844,20560000
2016-08-17,38.67795944213867,38.99549865722656,39.04050064086914,38.67649841308594,38.86600112915039,18484000
2016-08-18,38.558441162109375,38.875,39.143001556396484,38.849998474121094,39.0004997253418,14388000
2016-08-19,38.455291748046875,38.770999908447266,38.85499954223633,38.65650177001953,38.75,17230000
2016-08-22,38.293113708496094,38.60749816894531,38.72700119018555,38.502498626708984,38.66350173950195,19028000
2016-08-23,38.28963851928711,38.604000091552734,38.821998596191406,38.58924865722656,38.77399826049805,18564000
2016-08-24,38.16863250732422,38.481998443603516,38.724998474121094,38.35350036621094,38.52899932861328,21440000
2016-08-25,38.15723419189453,38.47050094604492,38.59450149536133,38.15924835205078,38.349998474121094,18538000
2016-08-26,38.1636848449707,38.47700119018555,38.80400085449219,38.29249954223633,38.45000076293945,23334000
2016-08-29,38.293113708496094,38.60749816894531,38.7495002746582,38.33074951171875,38.4370002746582,16952000
2016-08-30,38.1413688659668,38.454498291015625,38.72330093383789,38.34199905395508,38.46649932861328,22600000
2016-08-31,38.040199279785156,38.352500915527344,38.454498291015625,38.26900100708008,38.35049819946289,24972000
2016-09-01,38.12598419189453,38.43899917602539,38.55099868774414,38.21500015258789,38.462501525878906,18502000
2016-09-02,38.25889205932617,38.573001861572266,38.69599914550781,38.420501708984375,38.6505012512207,21454000
2016-09-06,38.68638610839844,39.00400161743164,39.099998474121094,38.54999923706055,38.67250061035156,28856000
2016-09-07,38.69977569580078,39.01750183105469,39.13650131225586,38.810001373291016,39.0,17874000
2016-09-08,38.4503288269043,38.76599884033203,39.01750183105469,38.67900085449219,38.929500579833984,25406000
2016-09-09,37.6737060546875,37.983001708984375,38.66225051879883,37.983001708984375,38.505001068115234,37710000
2016-09-12,38.13789367675781,38.45100021362305,38.51449966430664,37.70000076293945,37.756500244140625,26220000
2016-09-13,37.67518615722656,37.984500885009766,38.31100082397461,37.790000915527344,38.2239990234375,27900000
2016-09-14,37.81405258178711,38.1245002746582,38.38399887084961,37.955501556396484,37.980499267578125,21748000
2016-09-15,38.27377700805664,38.5880012512207,38.689998626708984,37.99800109863281,38.144500732421875,26102000
2016-09-16,38.13094711303711,38.444000244140625,38.48749923706055,38.233001708984375,38.48749923706055,40986000
2016-09-19,37.97323989868164,38.28499984741211,38.70000076293945,38.222049713134766,38.62099838256836,23456000
2016-09-20,38.25641632080078,38.570499420166016,38.666500091552734,38.42649841308594,38.45000076293945,19572000
2016-09-21,38.49496078491211,38.81100082397461,38.858001708984375,38.4150505065918,38.632999420166016,23356000
2016-09-22,39.039981842041016,39.36050033569336,39.49250030517578,38.922000885009766,39.0,29724000
2016-09-23,39.02460479736328,39.345001220703125,39.44649887084961,39.20750045776367,39.329498291015625,28238000
2016-09-26,38.39528274536133,38.71049880981445,39.137001037597656,38.653499603271484,39.137001037597656,30664000
2016-09-27,38.831695556640625,39.1505012512207,39.29949951171875,38.71540069580078,38.775001525878906,23064000
2016-09-28,38.75978088378906,39.077999114990234,39.09049987792969,38.74850082397461,38.89250183105469,22196000
2016-09-29,38.43495178222656,38.7504997253418,39.290000915527344,38.71160125732422,39.071998596191406,26294000
2016-09-30,38.54802322387695,38.864498138427734,39.047000885009766,38.704498291015625,38.81650161743164,31706000
2016-10-03,38.313446044921875,38.62799835205078,38.80324935913086,38.474998474121094,38.712501525878906,25576000
2016-10-04,38.50537109375,38.82149887084961,38.93550109863281,38.644500732421875,38.80149841308594,24028000
2016-10-05,38.507362365722656,38.82350158691406,39.10350036621094,38.782501220703125,38.96549987792969,29224000
2016-10-06,38.52669143676758,38.84299850463867,39.02399826049805,38.777000427246094,38.95000076293945,21414000
2016-10-07,38.43843078613281,38.75400161743164,38.983001708984375,38.537498474121094,38.983001708984375,18664000
2016-10-10,38.97700119018555,39.297000885009766,39.46900177001953,38.79349899291992,38.885501861572266,23498000
2016-10-11,38.83466720581055,39.153499603271484,39.61399841308594,39.02899932861328,39.33300018310547,27450000
2016-10-12,38.986915588378906,39.30699920654297,39.40650177001953,39.10300064086914,39.1879997253418,18748000
2016-10-13,38.5926513671875,38.90950012207031,39.06100082397461,38.650001525878906,39.06100082397461,27306000
2016-10-14,38.6095085144043,38.92649841308594,39.1974983215332,38.79999923706055,39.08250045776367,17050000
2016-10-17,38.68043518066406,38.99800109863281,39.29249954223633,38.875,38.9900016784668,21860000
2016-10-18,39.439208984375,39.76300048828125,40.080501556396484,39.27825164794922,39.39250183105469,41138000
2016-10-19,39.748661041259766,40.07500076293945,40.22999954223633,39.9015007019043,39.9119987487793,35336000
2016-10-20,39.524009704589844,39.8484992980957,40.19850158691406,39.80149841308594,40.165000915527344,35150000
2016-10-21,39.64303207397461,39.96849822998047,39.974998474121094,39.70000076293945,39.75,25324000
2016-10-24,40.324440002441406,40.65549850463867,40.75899887084961,40.24100112915039,40.244998931884766,33950000
2016-10-25,40.05465316772461,40.38349914550781,40.83399963378906,40.25699996948242,40.83399963378906,31528000
2016-10-26,39.628150939941406,39.95349884033203,40.3489990234375,39.816001892089844,40.31700134277344,32954000
2016-10-27,39.44367218017578,39.76750183105469,40.17449951171875,39.57500076293945,40.04999923706055,54984000
2016-10-28,39.444664001464844,39.76850128173828,40.77450180053711,39.679500579833984,40.41749954223633,85398000
2016-10-31,38.90757369995117,39.22700119018555,39.84299850463867,39.20000076293945,39.77349853515625,48546000
2016-11-01,38.8614501953125,39.18050003051758,39.4744987487793,38.777000427246094,39.144500732421875,48128000
2016-11-02,38.12201690673828,38.435001373291016,39.08250045776367,38.17250061035156,38.90999984741211,37448000
2016-11-03,37.79619598388672,38.10649871826172,38.497501373291016,37.951499938964844,38.36249923706055,38864000
2016-11-04,37.79074478149414,38.10100173950195,38.518001556396484,37.52804946899414,37.53300094604492,42696000
2016-11-07,38.80739212036133,39.125999450683594,39.259498596191406,38.627498626708984,38.724998474121094,31702000
2016-11-08,39.203636169433594,39.5255012512207,39.78165054321289,39.009498596191406,39.16999816894531,27338000
2016-11-09,38.94575881958008,39.265499114990234,39.56135177612305,38.583499908447266,38.99700164794922,52142000
2016-11-10,37.81752395629883,38.12799835205078,39.55849838256836,37.60900115966797,39.55849838256836,94904000
2016-11-11,37.39399719238281,37.70100021362305,38.03900146484375,37.51900100708008,37.82699966430664,48636000
2016-11-14,36.504302978515625,36.80400085449219,37.89250183105469,36.37699890136719,37.779998779296875,73088000
2016-11-15,37.61567306518555,37.92449951171875,38.22079849243164,37.3484992980957,37.3484992980957,47680000
2016-11-16,37.91273498535156,38.2239990234375,38.31800079345703,37.5255012512207,37.7599983215332,29452000
2016-11-17,38.24748992919922,38.561500549316406,38.6349983215332,38.21149826049805,38.34600067138672,26080000
2016-11-18,37.71734619140625,38.027000427246094,38.75,38.0,38.56850051879883,30942000
2016-11-21,38.146820068359375,38.459999084472656,38.48500061035156,38.029998779296875,38.13050079345703,26612000
2016-11-22,38.10070037841797,38.41350173950195,38.847999572753906,38.349998474121094,38.631500244140625,31862000
2016-11-23,37.73965835571289,38.04949951171875,38.41415023803711,37.76250076293945,38.38650131225586,29568000
2016-11-25,37.77388000488281,38.08399963378906,38.25,38.0260009765625,38.2130012512207,11748000
2016-11-28,38.099205017089844,38.4119987487793,38.97650146484375,37.9900016784668,38.0,43764000
2016-11-29,38.22815704345703,38.54199981689453,38.92499923706055,38.4119987487793,38.576499938964844,32332000
2016-11-30,37.593360900878906,37.902000427246094,38.64950180053711,37.74150085449219,38.503501892089844,47858000
2016-12-01,37.09148025512695,37.395999908447266,37.99250030517578,36.85124969482422,37.87200164794922,60358000
2016-12-02,37.21943283081055,37.525001525878906,37.70000076293945,37.154998779296875,37.22949981689453,29050000
2016-12-05,37.81553649902344,38.125999450683594,38.19499969482422,37.64500045776367,37.885501861572266,27884000
2016-12-06,37.64642333984375,37.955501556396484,38.44150161743164,37.867000579833984,38.23649978637695,33814000
2016-12-07,38.245506286621094,38.55950164794922,38.56800079345703,37.790000915527344,38.04999923706055,35220000
2016-12-08,38.50487518310547,38.82099914550781,38.909000396728516,38.36149978637695,38.624000549316406,29762000
2016-12-09,39.14313507080078,39.464500427246094,39.471500396728516,38.9510498046875,39.0,36438000
2016-12-12,39.14214324951172,39.4635009765625,39.5625,39.217750549316406,39.25199890136719,42082000
2016-12-13,39.48086166381836,39.80500030517578,40.21900177001953,39.66699981689453,39.69499969482422,42904000
2016-12-14,39.528968811035156,39.85350036621094,40.20000076293945,39.70050048828125,39.869998931884766,34084000
2016-12-15,39.56765365600586,39.89250183105469,40.150001525878906,39.645999908447266,39.867000579833984,32530000
2016-12-16,39.218017578125,39.540000915527344,40.04280090332031,39.51449966430664,40.02000045776367,48876000
2016-12-19,39.386634826660156,39.709999084472656,39.882999420166016,39.313499450683594,39.51100158691406,24642000
2016-12-20,39.49673843383789,39.82099914550781,39.932498931884766,39.66350173950195,39.8380012512207,19020000
2016-12-21,39.40449523925781,39.72800064086914,39.83380126953125,39.35499954223633,39.79199981689453,24226000
2016-12-22,39.24083709716797,39.5629997253418,39.66600036621094,39.42900085449219,39.61800003051758,19444000
2016-12-23,39.17388153076172,39.49549865722656,39.637001037597656,39.36399841308594,39.54499816894531,12468000
2016-12-27,39.25522232055664,39.57749938964844,39.893001556396484,39.382850646972656,39.534000396728516,15782000
2016-12-28,38.932857513427734,39.252498626708984,39.71149826049805,39.15999984741211,39.685001373291016,23076000
2016-12-29,38.82078170776367,39.13949966430664,39.29650115966797,38.94599914550781,39.166500091552734,14886000
2016-12-30,38.27674865722656,38.590999603271484,39.138999938964844,38.52050018310547,39.13750076293945,35400000
2017-01-03,38.986915588378906,39.30699920654297,39.48149871826172,38.790000915527344,38.94049835205078,33146000
2017-01-04,39.02460479736328,39.345001220703125,39.56700134277344,39.15800094604492,39.417999267578125,21460000
2017-01-05,39.37771224975586,39.70100021362305,39.7239990234375,39.250999450683594,39.30400085449219,26704000
2017-01-06,39.97926712036133,40.307498931884766,40.39500045776367,39.610198974609375,39.76300048828125,32804000
2017-01-09,40.00407409667969,40.33250045776367,40.49829864501953,40.14149856567383,40.31999969482422,25492000
2017-01-10,39.91182327270508,40.239498138427734,40.45650100708008,40.175498962402344,40.393001556396484,23536000
2017-01-11,40.06655502319336,40.39550018310547,40.407501220703125,40.06850051879883,40.25,21318000
2017-01-12,39.989688873291016,40.31800079345703,40.36949920654297,39.958499908447266,40.356998443603516,27062000
2017-01-13,40.065067291259766,40.39400100708008,40.56119918823242,40.33449935913086,40.374000549316406,21984000
2017-01-17,39.90290069580078,40.230499267578125,40.356998443603516,40.01850128173828,40.354000091552734,27242000
2017-01-18,39.975303649902344,40.30350112915039,40.31024932861328,40.04949951171875,40.29050064086914,25888000
2017-01-19,39.782142639160156,40.10874938964844,40.4739990234375,40.09000015258789,40.25600051879883,18386000
2017-01-20,39.92323684692383,40.250999450683594,40.34550094604492,40.08449935913086,40.34550094604492,33400000
2017-01-23,40.63191604614258,40.96549987792969,41.04349899291992,40.1870002746582,40.36249923706055,39272000
2017-01-24,40.85805892944336,41.19350051879883,41.29499816894531,40.891048431396484,41.1150016784668,29480000
2017-01-25,41.44325637817383,41.78350067138672,41.78850173950195,41.25299835205078,41.48099899291992,29890000
2017-01-26,41.2686882019043,41.60749816894531,41.900001525878906,41.35049819946289,41.890499114990234,59478000
2017-01-27,40.830291748046875,41.16550064086914,42.09749984741211,41.02199935913086,41.73550033569336,59316000
2017-01-30,39.78933334350586,40.11600112915039,40.79199981689453,39.9900016784668,40.733001708984375,64932000
2017-01-31,39.51508331298828,39.839500427246094,40.0625,39.5260009765625,39.84299850463867,43212000
2017-02-01,39.460777282714844,39.784751892089844,40.05950164794922,39.55950164794922,39.98400115966797,40594000
2017-02-02,39.601375579833984,39.92649841308594,40.1349983215332,39.599998474121094,39.689998626708984,30642000
2017-02-03,39.748172760009766,40.074501037597656,40.29999923706055,40.01850128173828,40.14950180053711,29268000
2017-02-06,39.7407341003418,40.06700134277344,40.083499908447266,39.76250076293945,39.98500061035156,23690000
2017-02-07,40.01993942260742,40.3484992980957,40.525001525878906,40.0890007019043,40.199501037597656,24824000
2017-02-08,40.08986282348633,40.41899871826172,40.59199905395508,40.15950012207031,40.349998474121094,23106000
2017-02-09,40.14838409423828,40.47800064086914,40.53300094604492,40.22700119018555,40.47549819946289,19794000
2017-02-10,40.352203369140625,40.68349838256836,40.76250076293945,40.48899841308594,40.584999084472656,22700000
2017-02-13,40.628440856933594,40.96200180053711,41.047950744628906,40.77450180053711,40.79999923706055,24266000
2017-02-14,40.68844985961914,41.022499084472656,41.150001525878906,40.79999923706055,40.95000076293945,21094000
2017-02-15,40.61555099487305,40.94900131225586,41.150001525878906,40.923500061035156,40.96799850463867,26272000
2017-02-16,40.872440338134766,41.20800018310547,41.220001220703125,40.94900131225586,40.996498107910156,25752000
2017-02-17,41.066349029541016,41.403499603271484,41.403499603271484,41.08274841308594,41.1510009765625,32220000
2017-02-21,41.244388580322266,41.58300018310547,41.67250061035156,41.41749954223633,41.43299865722656,25246000
2017-02-22,41.19974899291992,41.53799819946289,41.662498474121094,41.43199920654297,41.43299865722656,19658000
2017-02-23,41.22802734375,41.56650161743164,41.62300109863281,41.14400100708008,41.50600051879883,29456000
2017-02-24,41.09461975097656,41.43199920654297,41.45000076293945,41.209999084472656,41.38650131225586,27844000
2017-02-27,41.12635803222656,41.4640007019043,41.525001525878906,41.20000076293945,41.227500915527344,22030000
2017-02-28,40.8253288269043,41.160499572753906,41.426998138427734,41.0099983215332,41.28049850463867,45216000
2017-03-01,41.42192459106445,41.762001037597656,41.81275177001953,41.362998962402344,41.442501068115234,29930000
2017-03-02,41.19331359863281,41.53150177001953,41.72549819946289,41.481998443603516,41.692501068115234,18850000
2017-03-03,41.11643600463867,41.45399856567383,41.56800079345703,41.28755187988281,41.52799987792969,17928000
2017-03-06,41.05196762084961,41.388999938964844,41.444000244140625,41.119998931884766,41.34749984741211,22180000
2017-03-07,41.25679016113281,41.59550094604492,41.670501708984375,41.32600021362305,41.369998931884766,20752000
2017-03-08,41.428375244140625,41.76850128173828,41.907501220703125,41.589500427246094,41.675498962402344,19796000
2017-03-09,41.592525482177734,41.933998107910156,42.099998474121094,41.71049880981445,41.79999923706055,25230000
2017-03-10,41.81916427612305,42.162498474121094,42.24549865722656,41.974998474121094,42.16400146484375,34080000
2017-03-13,41.93273162841797,42.277000427246094,42.43424987792969,42.162498474121094,42.20000076293945,24472000
2017-03-14,41.93669891357422,42.28099822998047,42.36199951171875,42.040000915527344,42.18199920654297,15598000
2017-03-15,42.01505661010742,42.36000061035156,42.43149948120117,42.03850173950195,42.37950134277344,27630000
2017-03-16,42.09341812133789,42.43899917602539,42.54249954223633,42.30649948120117,42.451499938964844,19552000
2017-03-17,42.25905227661133,42.60599899291992,42.66999816894531,42.355499267578125,42.580501556396484,34246000
2017-03-20,42.07456970214844,42.41999816894531,42.51100158691406,42.25749969482422,42.5004997253418,24630000
2017-03-21,41.184871673583984,41.52299880981445,42.67499923706055,41.45100021362305,42.56999969482422,49270000
2017-03-22,41.1417236328125,41.47949981689453,41.77750015258789,41.35900115966797,41.59550094604492,28030000
2017-03-23,40.54611587524414,40.87900161743164,41.128501892089844,40.612850189208984,41.04999923706055,69742000
2017-03-24,40.38990020751953,40.721500396728516,41.096500396728516,40.44449996948242,41.00400161743164,39620000
2017-03-27,40.6418342590332,40.97549819946289,41.08150100708008,40.16849899291992,40.34749984741211,37886000
2017-03-28,40.71175765991211,41.04600143432617,41.29949951171875,40.701351165771484,41.02050018310547,32410000
2017-03-29,41.23197937011719,41.570499420166016,41.638248443603516,41.11899948120117,41.25,35726000
2017-03-30,41.236454010009766,41.57500076293945,41.683998107910156,41.45000076293945,41.67499923706055,21106000
2017-03-31,41.14023971557617,41.47800064086914,41.582000732421875,41.36949920654297,41.44850158691406,28038000
2017-04-03,41.586082458496094,41.9275016784668,42.04249954223633,41.46099853515625,41.46099853515625,33430000
2017-04-04,41.38869857788086,41.72850036621094,41.75899887084961,41.45180130004883,41.56800079345703,20908000
2017-04-05,41.23197937011719,41.570499420166016,42.122501373291016,41.5359992980957,41.7755012512207,31106000
2017-04-06,41.05692672729492,41.39400100708008,41.81949996948242,41.323001861572266,41.619998931884766,25088000
2017-04-07,40.897735595703125,41.23350143432617,41.424251556396484,41.02565002441406,41.39799880981445,21146000
2017-04-10,40.90071105957031,41.23649978637695,41.467498779296875,41.188499450683594,41.269500732421875,19578000
2017-04-11,40.8322639465332,41.16749954223633,41.3713493347168,40.85100173950195,41.23550033569336,21594000
2017-04-12,40.880374908447266,41.215999603271484,41.33300018310547,41.05099868774414,41.096500396728516,18010000
2017-04-13,40.842689514160156,41.178001403808594,41.319000244140625,41.071998596191406,41.106998443603516,22448000
2017-04-17,41.517642974853516,41.85850143432617,41.88750076293945,41.2234992980957,41.2504997253418,17900000
2017-04-18,41.50028610229492,41.840999603271484,41.94649887084961,41.635501861572266,41.71099853515625,16734000
2017-04-19,41.5692138671875,41.910499572753906,42.111000061035156,41.81449890136719,41.989498138427734,19084000
2017-04-20,41.73981475830078,42.08250045776367,42.2599983215332,41.965999603271484,42.071998596191406,19180000
2017-04-21,41.81618881225586,42.15950012207031,42.194000244140625,42.029998779296875,42.14400100708008,26472000
2017-04-24,42.786720275878906,43.13800048828125,43.17250061035156,42.49300003051758,42.560001373291016,27450000
2017-04-25,43.25984191894531,43.6150016784668,43.75,43.140499114990234,43.25,33440000
2017-04-26,43.2315673828125,43.58649826049805,43.8025016784668,43.38740158081055,43.71149826049805,24744000
2017-04-27,43.3565559387207,43.712501525878906,43.77000045776367,43.51900100708008,43.68000030517578,40536000
2017-04-28,44.92913818359375,45.29800033569336,45.842498779296875,45.28850173950195,45.53300094604492,65526000
2017-05-01,45.25694274902344,45.628501892089844,45.784000396728516,45.0724983215332,45.09700012207031,42320000
2017-05-02,45.44886779785156,45.821998596191406,46.03850173950195,45.47264862060547,45.48099899291992,31744000
2017-05-03,45.974552154541016,46.35200119018555,46.404998779296875,45.62715148925781,45.74300003051758,29990000
2017-05-04,46.203670501708984,46.58300018310547,46.79650115966797,46.22949981689453,46.30350112915039,28442000
2017-05-05,45.9790153503418,46.35649871826172,46.744998931884766,46.2599983215332,46.676998138427734,38226000
2017-05-08,46.334598541259766,46.71500015258789,46.846248626708984,46.26300048828125,46.305999755859375,26596000
2017-05-09,46.22896194458008,46.60850143432617,46.875,46.47650146484375,46.84749984741211,31636000
2017-05-10,46.06084060668945,46.43899917602539,46.599998474121094,46.257999420166016,46.5989990234375,23478000
2017-05-11,46.15110397338867,46.529998779296875,46.62649917602539,46.1515007019043,46.26599884033203,16700000
2017-05-12,46.2314453125,46.611000061035156,46.672000885009766,46.39250183105469,46.576499938964844,21012000
2017-05-15,46.47246551513672,46.854000091552734,46.912498474121094,46.46699905395508,46.647499084472656,22162000
2017-05-16,46.76605987548828,47.150001525878906,47.15549850463867,46.87900161743164,47.0,19390000
2017-05-17,45.606571197509766,45.98099899291992,46.96664810180664,45.90700149536133,46.78350067138672,47242000
2017-05-18,46.13325500488281,46.512001037597656,46.65850067138672,45.9375,46.04999923706055,31938000
2017-05-19,46.320213317871094,46.70050048828125,46.88774871826172,46.54999923706055,46.57350158691406,27860000
2017-05-22,46.70951461791992,47.09299850463867,47.09415054321289,46.75,46.75,22408000
2017-05-23,47.054683685302734,47.441001892089844,47.57334899902344,47.12874984741211,47.395999908447266,25416000
2017-05-24,47.359188079833984,47.74800109863281,47.75450134277344,47.474998474121094,47.64899826049805,20496000
2017-05-25,48.08224868774414,48.47700119018555,48.63145065307617,47.77349853515625,47.86650085449219,33210000
2017-05-26,48.17796325683594,48.57350158691406,48.749000549316406,48.25149917602539,48.48500061035156,25040000
2017-05-30,48.396663665771484,48.79399871826172,48.810001373291016,48.4744987487793,48.515499114990234,29334000
2017-05-31,47.850154876708984,48.24300003051758,48.9635009765625,48.00899887084961,48.750999450683594,48962000
2017-06-01,47.953800201416016,48.34749984741211,48.57500076293945,48.0004997253418,48.4474983215332,28210000
2017-06-02,48.38277816772461,48.779998779296875,48.79399871826172,48.29999923706055,48.472999572753906,35020000
2017-06-05,48.78348159790039,49.183998107910156,49.34550094604492,48.755001068115234,48.82749938964844,25042000
2017-06-06,48.430885314941406,48.82849884033203,49.412498474121094,48.75699996948242,49.15800094604492,36292000
2017-06-07,48.64760971069336,49.047000885009766,49.19900131225586,48.797000885009766,49.0,29078000
2017-06-08,48.770103454589844,49.170501708984375,49.22850036621094,48.86000061035156,49.11750030517578,29638000
2017-06-09,47.104774475097656,47.49150085449219,49.224998474121094,46.78150177001953,49.224998474121094,66188000
2017-06-12,46.76109313964844,47.14500045776367,47.467750549316406,45.76165008544922,46.97800064086914,75270000
2017-06-13,47.28181457519531,47.66999816894531,47.999000549316406,47.204498291015625,47.59550094604492,40266000
2017-06-14,47.1508903503418,47.53799819946289,48.057498931884766,47.11249923706055,47.99599838256836,29794000
2017-06-15,46.731834411621094,47.115501403808594,47.16695022583008,46.22200012207031,46.69850158691406,42662000
2017-06-16,46.60636520385742,46.98899841308594,47.10200119018555,46.579750061035156,47.0,61894000
2017-06-19,47.47870635986328,47.868499755859375,47.9995002746582,47.45249938964844,47.49800109863281,30666000
2017-06-20,47.14445114135742,47.53150177001953,48.08100128173828,47.5004997253418,47.875999450683594,22520000
2017-06-21,47.58185577392578,47.97249984741211,48.005001068115234,47.53799819946289,47.68199920654297,24044000
2017-06-22,47.46481704711914,47.85449981689453,48.0359992980957,47.727500915527344,47.935001373291016,18828000
2017-06-23,47.8863525390625,48.27949905395508,48.29999923706055,47.709999084472656,47.84149932861328,30558000
2017-06-26,47.22578048706055,47.61349868774414,48.66550064086914,47.53950119018555,48.494998931884766,31968000
2017-06-27,45.98893737792969,46.36650085449219,47.41450119018555,46.342498779296875,47.12300109863281,51598000
2017-06-28,46.641578674316406,47.02450180053711,47.13750076293945,45.79999923706055,46.45000076293945,54428000
2017-06-29,45.51581954956055,45.88949966430664,46.5629997253418,45.53099822998047,46.49599838256836,65984000
2017-06-30,45.066505432128906,45.436500549316406,46.3025016784668,45.41550064086914,46.3025016784668,41804000
2017-07-03,44.56908416748047,44.935001373291016,45.696998596191406,44.739498138427734,45.60900115966797,34196000
2017-07-05,45.21429443359375,45.58549880981445,45.72549819946289,44.92499923706055,45.0880012512207,36278000
2017-07-06,44.965335845947266,45.33449935913086,45.74720001220703,44.98500061035156,45.20600128173828,28490000
2017-07-07,45.55548858642578,45.929500579833984,46.07699966430664,45.442501068115234,45.442501068115234,32756000
2017-07-10,46.06183624267578,46.439998626708984,46.51900100708008,45.97949981689453,46.0885009765625,23856000
2017-07-11,46.12581253051758,46.50450134277344,46.57149887084961,46.099998474121094,46.47700119018555,22264000
2017-07-12,46.807220458984375,47.19150161743164,47.314998626708984,46.7234992980957,46.933998107910156,30642000
2017-07-13,46.97235870361328,47.358001708984375,47.72249984741211,47.1505012512207,47.31449890136719,25894000
2017-07-14,47.41025924682617,47.79949951171875,47.84550094604492,47.40024948120117,47.599998474121094,21076000
2017-07-17,47.28281784057617,47.67100143432617,48.0369987487793,47.46205139160156,47.849998474121094,23310000
2017-07-18,47.876930236816406,48.27000045776367,48.402000427246094,47.529998779296875,47.650001525878906,23080000
2017-07-19,48.149192810058594,48.544498443603516,48.652000427246094,48.201499938964844,48.391998291015625,24490000
2017-07-20,48.013309478759766,48.407501220703125,48.79499816894531,48.07550048828125,48.75,32490000
2017-07-21,48.24987030029297,48.645999908447266,48.6614990234375,48.00749969482422,48.11249923706055,34220000
2017-07-24,48.617855072021484,49.016998291015625,49.310001373291016,48.53850173950195,48.611000061035156,64966000
2017-07-25,47.14791488647461,47.53499984741211,47.98500061035156,47.27000045776367,47.69049835205078,93220000
2017-07-26,47.00409698486328,47.38999938964844,47.75,47.113948822021484,47.73400115966797,41766000
2017-07-27,46.32417678833008,46.704498291015625,47.5890007019043,46.0,47.5890007019043,64260000
2017-07-28,46.693153381347656,47.076499938964844,47.19150161743164,46.375,46.470001220703125,36928000
2017-07-31,46.14614486694336,46.525001525878906,47.179500579833984,46.301998138427734,47.09450149536133,39402000
2017-08-01,46.16250991821289,46.541500091552734,46.87234878540039,46.4630012512207,46.61899948120117,25554000
2017-08-02,46.14068603515625,46.519500732421875,46.630001068115234,45.83399963378906,46.43050003051758,36488000
2017-08-03,45.806434631347656,46.182498931884766,46.61199951171875,46.11199951171875,46.516998291015625,24050000
2017-08-04,46.02017593383789,46.39799880981445,46.515350341796875,46.1515007019043,46.337501525878906,21646000
2017-08-07,46.08960723876953,46.46799850463867,46.584999084472656,46.32500076293945,46.452999114990234,20644000
2017-08-08,45.962154388427734,46.339500427246094,46.79069900512695,46.28049850463867,46.35449981689453,21232000
2017-08-09,45.76923751831055,46.14500045776367,46.29899978637695,45.86249923706055,46.03049850463867,23842000
2017-08-10,44.992618560791016,45.36199951171875,45.9630012512207,45.30649948120117,45.877498626708984,36480000
2017-08-11,45.347198486328125,45.71950149536133,45.888999938964844,45.27899932861328,45.39849853515625,24136000
2017-08-14,45.7578239440918,46.13349914550781,46.2333984375,45.90950012207031,46.12649917602539,21290000
2017-08-15,45.735511779785156,46.111000061035156,46.32749938964844,45.99100112915039,46.21149826049805,17668000
2017-08-16,45.9705810546875,46.347999572753906,46.6349983215332,46.17224884033203,46.26449966430664,20134000
2017-08-17,45.1780891418457,45.54899978637695,46.34299850463867,45.54899978637695,46.28900146484375,25544000
2017-08-18,45.162723541259766,45.53350067138672,45.76374816894531,45.35770034790039,45.515499114990234,26854000
2017-08-21,44.96384811401367,45.33300018310547,45.650001525878906,45.16999816894531,45.5,18868000
2017-08-22,45.858009338378906,46.234500885009766,46.292999267578125,45.57374954223633,45.63600158691406,23334000
2017-08-23,45.972572326660156,46.349998474121094,46.496498107910156,45.96799850463867,46.096500396728516,21804000
2017-08-24,45.68889617919922,46.06399917602539,46.54199981689453,45.775001525878906,46.43299865722656,25406000
2017-08-25,45.42158889770508,45.794498443603516,46.277748107910156,45.775001525878906,46.17449951171875,21068000
2017-08-28,45.31843948364258,45.69049835205078,45.962249755859375,45.59349822998047,45.79999923706055,21730000
2017-08-29,45.689395904541016,46.06449890136719,46.166500091552734,45.25,45.255001068115234,23712000
2017-08-30,46.10002899169922,46.47850036621094,46.540950775146484,45.98249816894531,46.002498626708984,26024000
2017-08-31,46.58404541015625,46.96649932861328,47.0989990234375,46.5880012512207,46.5880012512207,31652000
2017-09-01,46.48535919189453,46.867000579833984,47.124000549316406,46.75749969482422,47.05649948120117,18948000
2017-09-05,46.04447937011719,46.42250061035156,46.849998474121094,46.097999572753906,46.65399932861328,26528000
2017-09-06,46.01273727416992,46.390499114990234,46.54574966430664,45.9635009765625,46.50749969482422,30554000
2017-09-07,46.41642379760742,46.79750061035156,46.820499420166016,46.180999755859375,46.58649826049805,24254000
2017-09-08,45.94776916503906,46.32500076293945,46.8494987487793,46.24399948120117,46.824501037597656,20230000
2017-09-11,46.07571792602539,46.45399856567383,46.91899871826172,46.34600067138672,46.712501525878906,25340000
2017-09-12,46.2239990234375,46.60350036621094,46.67399978637695,46.193050384521484,46.62950134277344,22688000
2017-09-13,46.37377166748047,46.75450134277344,46.86249923706055,46.49300003051758,46.53300094604492,22052000
2017-09-14,45.87883758544922,46.25550079345703,46.63850021362305,46.20000076293945,46.5625,27952000
2017-09-15,45.639801025390625,46.01449966430664,46.324501037597656,45.81800079345703,46.233001708984375,50108000
2017-09-18,45.37744903564453,45.75,46.104000091552734,45.529998779296875,46.0004997253418,26138000
2017-09-19,45.715179443359375,46.09049987792969,46.12099838256836,45.627498626708984,45.87099838256836,18734000
2017-09-20,46.199703216552734,46.57899856567383,46.694000244140625,46.099998474121094,46.14899826049805,33396000
2017-09-21,46.242855072021484,46.622501373291016,46.826499938964844,46.19150161743164,46.650001525878906,25812000
2017-09-22,46.04844665527344,46.42649841308594,46.73649978637695,46.32400131225586,46.38750076293945,21054000
2017-09-25,45.673526763916016,46.048500061035156,46.31999969482422,45.48500061035156,46.272499084472656,37136000
2017-09-26,45.86643981933594,46.24300003051758,46.54100036621094,46.05699920654297,46.18600082397461,33338000
2017-09-27,46.83994674682617,47.2244987487793,47.494998931884766,46.387001037597656,46.387001037597656,44788000
2017-09-28,47.08840560913086,47.474998474121094,47.53450012207031,47.02750015258789,47.06800079345703,20406000
2017-09-29,47.564998626708984,47.955501556396484,47.98929977416992,47.57550048828125,47.599998474121094,31620000
2017-10-02,47.27537155151367,47.66350173950195,48.12699890136719,47.391998291015625,47.999000549316406,25668000
2017-10-03,47.499534606933594,47.88949966430664,47.900001525878906,47.457000732421875,47.70000076293945,17766000
2017-10-04,47.19652557373047,47.58399963378906,48.019500732421875,47.53450012207031,47.849998474121094,19048000
2017-10-05,48.10307312011719,48.49800109863281,48.545501708984375,47.75899887084961,47.77450180053711,24276000
2017-10-06,48.54594039916992,48.94449996948242,48.972999572753906,48.167999267578125,48.334999084472656,23478000
2017-10-09,48.452205657958984,48.849998474121094,49.2712516784668,48.80550003051758,49.0,17828000
2017-10-10,48.234004974365234,48.630001068115234,49.07849884033203,48.30400085449219,49.0,19368000
2017-10-11,49.05972671508789,49.462501525878906,49.535499572753906,48.61249923706055,48.68600082397461,33866000
2017-10-12,48.98930358886719,49.39149856567383,49.70600128173828,49.25,49.372501373291016,25248000
2017-10-13,49.081050872802734,49.48400115966797,49.86050033569336,49.45000076293945,49.599998474121094,23396000
2017-10-16,49.196102142333984,49.599998474121094,49.695350646972656,49.20000076293945,49.60499954223633,18210000
2017-10-17,49.20503234863281,49.60900115966797,49.821998596191406,49.429500579833984,49.51449966430664,25804000
2017-10-18,49.236270904541016,49.640499114990234,49.83599853515625,49.348751068115234,49.5885009765625,21152000
2017-10-19,48.821678161621094,49.22249984741211,49.444000244140625,48.919498443603516,49.29999923706055,26272000
2017-10-20,49.007652282714844,49.40999984741211,49.54999923706055,49.229000091552734,49.47200012207031,23664000
2017-10-23,48.028194427490234,48.42250061035156,49.47600173950195,48.305999755859375,49.47600173950195,29568000
2017-10-24,48.13184356689453,48.527000427246094,48.61149978637695,48.04999923706055,48.5,24244000
2017-10-25,48.270198822021484,48.666500091552734,48.804500579833984,48.0260009765625,48.41849899291992,24226000
2017-10-26,48.232017517089844,48.62799835205078,49.380001068115234,48.61000061035156,49.0,40842000
2017-10-27,50.54850387573242,50.9635009765625,52.419498443603516,50.40999984741211,50.45949935913086,103354000
2017-10-30,50.441383361816406,50.855499267578125,51.24850082397461,50.375,50.70000076293945,41702000
2017-10-31,50.41807174682617,50.832000732421875,51.20000076293945,50.520999908447266,50.76100158691406,26614000
2017-11-01,50.85746765136719,51.275001525878906,51.48350143432617,50.84749984741211,50.86050033569336,27468000
2017-11-02,50.86143112182617,51.27899932861328,51.40449905395508,50.6505012512207,51.0880012512207,20980000
2017-11-03,51.203617095947266,51.624000549316406,51.63249969482422,51.015499114990234,51.105499267578125,21528000
2017-11-06,50.877296447753906,51.29499816894531,51.743499755859375,51.25,51.449501037597656,22504000
2017-11-07,51.24577331542969,51.666500091552734,51.69850158691406,51.256500244140625,51.36349868774414,22246000
2017-11-08,51.569122314453125,51.99250030517578,52.17610168457031,51.42250061035156,51.5260009765625,21774000
2017-11-09,51.14311599731445,51.5629997253418,51.699501037597656,50.983299255371094,51.699501037597656,24904000
2017-11-10,50.98491668701172,51.403499603271484,51.53799819946289,51.263999938964844,51.323001861572266,14400000
2017-11-13,50.8698616027832,51.287498474121094,51.57899856567383,51.128501892089844,51.17100143432617,17716000
2017-11-14,50.882259368896484,51.29999923706055,51.34049987792969,50.70750045776367,51.12950134277344,19184000
2017-11-15,50.62982940673828,51.045501708984375,51.204498291015625,50.770999908447266,50.96049880981445,17080000
2017-11-16,51.204612731933594,51.625,51.79600143432617,51.125999450683594,51.125999450683594,22594000
2017-11-17,50.53956985473633,50.954498291015625,51.72100067138672,50.88750076293945,51.70050048828125,27942000
2017-11-20,50.504364013671875,50.91899871826172,51.13050079345703,50.875,51.01300048828125,19070000
2017-11-21,51.30329895019531,51.7244987487793,51.75550079345703,51.13275146484375,51.16550064086914,21940000
2017-11-22,51.37620544433594,51.79800033569336,51.98529815673828,51.57149887084961,51.75,14926000
2017-11-24,51.6068115234375,52.03049850463867,52.15890121459961,51.75,51.79349899291992,10740000
2017-11-27,52.28127670288086,52.71049880981445,52.77299880981445,51.922000885009766,52.0,26158000
2017-11-28,51.94404602050781,52.37049865722656,53.118751525878906,52.0,52.75450134277344,28488000
2017-11-29,50.66702651977539,51.08300018310547,52.20399856567383,50.782501220703125,52.13399887084961,49188000
2017-11-30,50.65462875366211,51.070499420166016,51.42449951171875,50.75,51.118499755859375,34480000
2017-12-01,50.097206115722656,50.50849914550781,51.1245002746582,50.10100173950195,50.790000915527344,38192000
2017-12-04,49.52737808227539,49.933998107910156,50.80500030517578,49.778499603271484,50.632999420166016,38128000
2017-12-05,49.84824752807617,50.25749969482422,51.03049850463867,49.41400146484375,49.797000885009766,41346000
2017-12-06,50.504364013671875,50.91899871826172,51.24850082397461,50.05699920654297,50.07500076293945,25440000
2017-12-07,51.12675476074219,51.54650115966797,51.71200180053711,50.90354919433594,51.02149963378906,29164000
2017-12-08,51.43026351928711,51.852500915527344,52.102500915527344,51.6260986328125,51.8745002746582,25816000
2017-12-11,51.63111114501953,52.05500030517578,52.189998626708984,51.602500915527344,51.775001525878906,23856000
2017-12-12,51.60036087036133,52.02399826049805,52.515499114990234,51.68450164794922,51.98149871826172,25590000
2017-12-13,51.6068115234375,52.03049850463867,52.333248138427734,51.91899871826172,52.305999755859375,25654000
2017-12-14,52.030338287353516,52.45750045776367,52.92499923706055,52.15549850463867,52.25,31174000
2017-12-15,52.77621078491211,53.20949935913086,53.38100051879883,52.474998474121094,52.730499267578125,65518000
2017-12-18,53.41843795776367,53.856998443603516,53.92449951171875,53.099998474121094,53.30400085449219,31092000
2017-12-19,53.09806823730469,53.534000396728516,53.84199905395508,53.1775016784668,53.7599983215332,26774000
2017-12-20,52.81390380859375,53.247501373291016,53.66899871826172,53.07600021362305,53.5890007019043,25372000
2017-12-21,52.74843978881836,53.18149948120117,53.46649932861328,53.089698791503906,53.247501373291016,19914000
2017-12-22,52.57436752319336,53.00600051879883,53.209999084472656,52.97200012207031,53.05550003051758,15102000
2017-12-26,52.406742095947266,52.83700180053711,53.00600051879883,52.5099983215332,52.903499603271484,15212000
2017-12-27,52.04124450683594,52.46849822998047,52.91849899291992,52.40250015258789,52.86949920654297,25438000
2017-12-28,51.98024368286133,52.40700149536133,52.73749923706055,52.23849868774414,52.58000183105469,16742000
2017-12-29,51.89395523071289,52.31999969482422,52.48500061035156,52.244998931884766,52.33599853515625,17750000
2018-01-02,52.81637954711914,53.25,53.34700012207031,52.26150131225586,52.41699981689453,24752000
2018-01-03,53.68326950073242,54.124000549316406,54.31449890136719,53.160499572753906,53.21549987792969,28604000
2018-01-04,53.87767028808594,54.31999969482422,54.67850112915039,54.20009994506836,54.400001525878906,20092000
2018-01-05,54.6627197265625,55.11149978637695,55.212501525878906,54.599998474121094,54.70000076293945,25582000
2018-01-08,54.89630126953125,55.34700012207031,55.563499450683594,55.08100128173828,55.11149978637695,20952000
2018-01-09,54.862586975097656,55.3129997253418,55.528499603271484,55.06155014038086,55.470001220703125,18050000
2018-01-10,54.68157196044922,55.13050079345703,55.22999954223633,54.80550003051758,54.85499954223633,20856000
2018-01-11,54.82588577270508,55.2760009765625,55.32624816894531,54.97949981689453,55.314998626708984,19566000
2018-01-12,55.656063079833984,56.112998962402344,56.214500427246094,55.057498931884766,55.12049865722656,34410000
2018-01-16,55.63126754760742,56.0880012512207,56.99549865722656,55.8916015625,56.6254997253418,31506000
2018-01-17,56.13811111450195,56.5989990234375,56.630001068115234,55.85049819946289,56.31100082397461,24052000
2018-01-18,56.02949905395508,56.489498138427734,56.6254997253418,55.875,56.570499420166016,23964000
2018-01-19,56.412357330322266,56.8754997253418,56.893001556396484,56.415000915527344,56.59149932861328,35564000
2018-01-22,57.319908142089844,57.79050064086914,57.99399948120117,56.75550079345703,56.8745002746582,32360000
2018-01-23,58.02214050292969,58.49850082397461,58.58134841918945,57.9375,57.99250030517578,26662000
2018-01-24,57.73797607421875,58.21200180053711,58.99300003051758,58.0525016784668,58.86650085449219,28332000
2018-01-25,58.0419807434082,58.51850128173828,58.797000885009766,58.13800048828125,58.62649917602539,29610000
2018-01-26,58.31325149536133,58.79199981689453,58.79199981689453,57.90549850463867,58.75400161743164,40376000
2018-01-29,58.30036163330078,58.77899932861328,59.34450149536133,58.5989990234375,58.82400131225586,27578000
2018-01-30,57.7107048034668,58.18450164794922,58.82600021362305,58.17599868774414,58.39149856567383,31126000
2018-01-31,58.020652770996094,58.49700164794922,58.650001525878906,57.95650100708008,58.528499603271484,30774000
2018-02-01,57.90956497192383,58.3849983215332,58.70000076293945,57.875999450683594,58.13050079345703,48242000
2018-02-02,55.14228439331055,55.595001220703125,56.153499603271484,55.36389923095703,56.099998474121094,97158000
2018-02-05,52.360130310058594,52.790000915527344,55.5,52.60150146484375,54.529998779296875,75966000
2018-02-06,53.59002685546875,54.029998779296875,54.08549880981445,51.1568489074707,51.35900115966797,68960000
2018-02-07,52.00206756591797,52.42900085449219,54.0890007019043,52.41299819946289,54.07699966430664,47384000
2018-02-08,49.6682243347168,50.07600021362305,52.930999755859375,50.03300094604492,52.77050018310547,57182000
2018-02-09,51.466461181640625,51.888999938964844,52.19850158691406,49.62799835205078,50.86249923706055,70118000
2018-02-12,52.16869354248047,52.59700012207031,53.07500076293945,52.0463981628418,52.400001525878906,41154000
2018-02-13,52.176631927490234,52.60499954223633,52.91849899291992,52.204349517822266,52.25,25302000
2018-02-14,53.049468994140625,53.48500061035156,53.58599853515625,52.337501525878906,52.4474983215332,31116000
2018-02-15,54.03239822387695,54.47600173950195,54.573951721191406,53.21699905395508,53.95349884033203,36868000
2018-02-16,54.294254302978516,54.7400016784668,55.23350143432617,54.4156494140625,54.420501708984375,33590000
2018-02-20,54.674129486083984,55.12300109863281,55.6974983215332,54.42599868774414,54.528499603271484,28462000
2018-02-21,55.11452102661133,55.56700134277344,56.69850158691406,55.31650161743164,55.32350158691406,30258000
2018-02-22,54.88093566894531,55.33150100708008,56.14099884033203,55.12950134277344,55.80950164794922,26344000
2018-02-23,55.88072967529297,56.339500427246094,56.36399841308594,55.23569869995117,55.63199996948242,25220000
2018-02-26,56.7218132019043,57.1875,57.198001861572266,56.33475112915039,56.38999938964844,31182000
2018-02-27,55.459190368652344,55.91450119018555,57.20199966430664,55.900001525878906,57.0620002746582,35482000
2018-02-28,54.78670120239258,55.23649978637695,56.37649917602539,55.1619987487793,56.1515007019043,37652000
2018-03-01,53.04054260253906,53.47600173950195,55.50600051879883,53.35005187988281,55.39350128173828,50318000
2018-03-02,53.5067138671875,53.94599914550781,54.09994888305664,52.4057502746582,52.65399932861328,45432000
2018-03-05,54.10232162475586,54.54650115966797,54.85499954223633,53.45000076293945,53.75699996948242,24044000
2018-03-06,54.30714416503906,54.75299835205078,55.092498779296875,54.48875045776367,54.96099853515625,30656000
2018-03-07,55.03020095825195,55.481998443603516,55.611000061035156,54.27410125732422,54.45949935913086,25850000
2018-03-08,55.8415412902832,56.29999923706055,56.380001068115234,55.63999938964844,55.76599884033203,27102000
2018-03-09,57.529685974121094,58.00199890136719,58.040000915527344,56.623050689697266,56.79999923706055,42560000
2018-03-12,57.75086975097656,58.224998474121094,58.852500915527344,57.87099838256836,58.192501068115234,43446000
2018-03-13,56.44508743286133,56.90850067138672,58.8380012512207,56.666500091552734,58.5,38144000
2018-03-14,57.00647735595703,57.4744987487793,57.929500579833984,57.071998596191406,57.260501861572266,25828000
2018-03-15,57.01093673706055,57.479000091552734,58.05400085449219,56.72700119018555,57.49800109863281,27908000
2018-03-16,56.32408905029297,56.7864990234375,57.79399871826172,56.597999572753906,57.707000732421875,61840000
2018-03-19,54.5432014465332,54.99100112915039,56.0994987487793,54.45050048828125,56.0004997253418,56118000
2018-03-20,54.43856430053711,54.885501861572266,55.2599983215332,54.17300033569336,54.95000076293945,36638000
2018-03-21,54.0998420715332,54.54399871826172,55.314998626708984,54.25749969482422,54.637001037597656,37578000
2018-03-22,52.026859283447266,52.45399856567383,54.14500045776367,52.295501708984375,54.09400177001953,53340000
2018-03-23,50.662559509277344,51.07849884033203,53.167999267578125,51.06100082397461,52.35150146484375,43134000
2018-03-26,52.23168182373047,52.660499572753906,52.78150177001953,50.41999816894531,52.29999923706055,53302000
2018-03-27,49.845767974853516,50.255001068115234,53.24195098876953,49.84600067138672,53.150001525878906,61906000
2018-03-28,49.81898880004883,50.22800064086914,51.21149826049805,49.03200149536133,49.900001525878906,67386000
2018-03-29,51.16939926147461,51.589500427246094,52.150001525878906,50.14500045776367,50.58150100708008,54536000
2018-04-02,49.91371536254883,50.32350158691406,51.7400016784668,49.51850128173828,51.14099884033203,53608000
2018-04-03,50.25788879394531,50.670501708984375,51.04949951171875,49.70349884033203,50.695499420166016,45502000
2018-04-04,50.83960723876953,51.25699996948242,51.4359016418457,49.650001525878906,49.670501708984375,49694000
2018-04-05,50.972023010253906,51.390499114990234,52.13949966430664,51.00654983520508,52.06650161743164,27260000
2018-04-06,49.94198226928711,50.35200119018555,51.57099914550781,50.1515007019043,51.0,34928000
2018-04-09,50.35905456542969,50.772499084472656,51.97999954223633,50.70399856567383,50.84000015258789,35032000
2018-04-10,51.16196823120117,51.582000732421875,51.81399917602539,50.56700134277344,51.321998596191406,39490000
2018-04-11,50.58321762084961,50.99850082397461,51.568199157714844,50.79349899291992,51.39950180053711,29678000
2018-04-12,51.20511245727539,51.6254997253418,52.03450012207031,51.07175064086914,51.25199890136719,27140000
2018-04-13,51.04443359375,51.4635009765625,52.32099914550781,51.14899826049805,52.04399871826172,24460000
2018-04-16,51.47637939453125,51.89899826049805,52.1619987487793,51.33700180053711,51.849998474121094,24224000
2018-04-17,53.270652770996094,53.70800018310547,53.89400100708008,52.41299819946289,52.56850051879883,46406000
2018-04-18,53.167503356933594,53.604000091552734,53.871498107910156,53.311248779296875,53.871498107910156,26882000
2018-04-19,53.942134857177734,54.3849983215332,54.708248138427734,53.409000396728516,53.470001220703125,34954000
2018-04-20,53.21113586425781,53.64799880981445,54.61750030517578,53.47850036621094,54.099998474121094,37794000
2018-04-23,52.93788528442383,53.372501373291016,54.13600158691406,53.03499984741211,53.893001556396484,46826000
2018-04-24,50.583709716796875,50.999000549316406,52.849998474121094,50.52949905395508,52.599998474121094,95206000
2018-04-25,50.643218994140625,51.058998107910156,51.6245002746582,50.765499114990234,51.2760009765625,47822000
2018-04-26,51.57854080200195,52.00199890136719,52.39899826049805,50.90950012207031,51.47549819946289,41590000
2018-04-27,51.083106994628906,51.502498626708984,52.474998474121094,51.27949905395508,52.29999923706055,32396000
2018-04-30,50.45228958129883,50.86650085449219,51.849998474121094,50.842498779296875,51.5004997253418,33426000
2018-05-01,51.44315719604492,51.865501403808594,51.923500061035156,50.410499572753906,50.68299865722656,28558000
2018-05-02,50.80192184448242,51.21900177001953,52.01945114135742,51.14350128173828,51.404998779296875,32062000
2018-05-03,50.769187927246094,51.18600082397461,51.48374938964844,50.31449890136719,50.95000076293945,36302000
2018-05-04,51.98371124267578,52.410499572753906,52.425498962402344,50.845001220703125,50.845001220703125,38774000
2018-05-07,52.310035705566406,52.739498138427734,53.08399963378906,52.35499954223633,52.46149826049805,29322000
2018-05-08,52.266395568847656,52.695499420166016,53.02750015258789,52.35725021362305,52.926998138427734,24354000
2018-05-09,53.69715118408203,54.13800048828125,54.27199935913086,52.8182487487793,52.904998779296875,40656000
2018-05-10,54.43162155151367,54.878501892089844,55.02199935913086,54.28200149536133,54.30149841308594,28860000
2018-05-11,54.46583938598633,54.91299819946289,55.06650161743164,54.545501708984375,54.68000030517578,25074000
2018-05-14,54.56204605102539,55.0099983215332,55.537498474121094,54.955501556396484,55.0,30362000
2018-05-15,53.5220832824707,53.96149826049805,54.502498626708984,53.673500061035156,54.5,29898000
2018-05-16,53.64805221557617,54.0885009765625,54.4635009765625,53.8129997253418,53.865501403808594,21946000
2018-05-17,53.49034881591797,53.929500579833984,54.34349822998047,53.67499923706055,53.99449920654297,20876000
2018-05-18,52.88383102416992,53.31800079345703,53.49700164794922,53.034000396728516,53.09299850463867,31304000
2018-05-21,53.53944396972656,53.979000091552734,54.400001525878906,53.682498931884766,53.702999114990234,20464000
2018-05-22,53.05095672607422,53.48649978637695,54.329498291015625,53.33449935913086,54.178001403808594,21800000
2018-05-23,53.544898986816406,53.984500885009766,54.03900146484375,53.08549880981445,53.256500244140625,21214000
2018-05-24,53.5225830078125,53.96200180053711,54.02349853515625,53.307498931884766,53.95000076293945,15336000
2018-05-25,53.34503936767578,53.78300094604492,54.12799835205078,53.688751220703125,53.95100021362305,17988000
2018-05-29,52.58428192138672,53.01599884033203,53.66849899291992,52.76100158691406,53.24449920654297,37302000
2018-05-30,52.95523452758789,53.38999938964844,53.46049880981445,52.84149932861328,53.1515007019043,22770000
2018-05-31,53.80774688720703,54.2495002746582,54.859500885009766,53.37799835205078,53.37799835205078,61766000
2018-06-01,55.51919174194336,55.974998474121094,56.0,54.92499923706055,54.967498779296875,48432000
2018-06-04,56.50063705444336,56.964500427246094,57.09450149536133,56.100250244140625,56.11650085449219,37792000
2018-06-05,56.51898193359375,56.983001708984375,57.28689956665039,56.65950012207031,57.04949951171875,33560000
2018-06-06,56.3811149597168,56.84400177001953,57.150001525878906,56.28715133666992,57.10850143432617,33964000
2018-06-07,55.73541259765625,56.19300079345703,56.79100036621094,55.82600021362305,56.566001892089844,30400000
2018-06-08,55.587135314941406,56.04349899291992,56.333499908447266,55.60749816894531,55.909000396728516,25816000
2018-06-11,56.0394172668457,56.4995002746582,56.862998962402344,55.93000030517578,55.93000030517578,21586000
2018-06-12,56.50212478637695,56.965999603271484,56.989498138427734,56.53675079345703,56.55350112915039,18240000
2018-06-13,56.277469635009766,56.739498138427734,57.32500076293945,56.66899871826172,57.055999755859375,30128000
2018-06-14,57.13691329956055,57.60599899291992,57.77349853515625,57.03200149536133,57.192501068115234,26868000
2018-06-15,57.14384841918945,57.612998962402344,57.67100143432617,57.174251556396484,57.44300079345703,42450000
2018-06-18,58.195220947265625,58.67300033569336,58.71549987792969,57.179500579833984,57.182498931884766,28274000
2018-06-19,57.92741775512695,58.40299987792969,58.563499450683594,57.70050048828125,57.92499923706055,32420000
2018-06-20,58.01569366455078,58.492000579833984,59.314300537109375,58.45800018310547,58.765499114990234,32970000
2018-06-21,57.411651611328125,57.882999420166016,58.864749908447266,57.61159896850586,58.74250030517578,24762000
2018-06-22,57.30354309082031,57.77399826049805,58.12485122680664,57.362998962402344,57.957000732421875,26220000
2018-06-25,55.78253173828125,56.240501403808594,57.195499420166016,55.638999938964844,57.18000030517578,43146000
2018-06-26,55.467613220214844,55.92300033569336,56.660499572753906,55.832950592041016,56.400001525878906,31264000
2018-06-27,54.74950408935547,55.19900131225586,56.591800689697266,55.180999755859375,56.06700134277344,25878000
2018-06-28,55.2573356628418,55.71099853515625,56.115501403808594,54.800498962402344,55.10449981689453,21448000
2018-06-29,55.3282585144043,55.782501220703125,56.41135025024414,55.75,56.0,26302000
2018-07-02,55.91395568847656,56.37300109863281,56.400001525878906,54.689998626708984,54.95000076293945,24346000
2018-07-03,54.69545364379883,55.144500732421875,56.79100036621094,55.000999450683594,56.79100036621094,13580000
2018-07-05,55.7557487487793,56.2135009765625,56.375,55.42399978637695,55.5265007019043,21334000
2018-07-06,56.544273376464844,57.00849914550781,57.04650115966797,56.03684997558594,56.17900085449219,19922000
2018-07-09,57.23261642456055,57.70249938964844,57.73350143432617,57.17100143432617,57.42399978637695,18180000
2018-07-10,57.172611236572266,57.641998291015625,57.97949981689453,57.47949981689453,57.8489990234375,15968000
2018-07-11,57.22518539428711,57.69499969482422,58.214500427246094,57.04999923706055,57.22949981689453,22400000
2018-07-12,58.692142486572266,59.17399978637695,59.22050094604492,57.796749114990234,57.99449920654297,25038000
2018-07-13,58.95697021484375,59.441001892089844,59.770851135253906,59.0,59.25,24438000
2018-07-16,58.71098327636719,59.19300079345703,59.54999923706055,58.9640007019043,59.46950149536133,21114000
2018-07-17,59.451900482177734,59.939998626708984,60.152000427246094,58.529998779296875,58.611000061035156,32208000
2018-07-18,59.30708694458008,59.79399871826172,60.224998474121094,59.516998291015625,59.827999114990234,27872000
2018-07-19,58.864723205566406,59.347999572753906,60.0,59.16600036621094,59.54999923706055,25534000
2018-07-20,58.7630615234375,59.24549865722656,59.84299850463867,59.21099853515625,59.347999572753906,24948000
2018-07-23,59.7841796875,60.275001525878906,60.324501037597656,59.04999923706055,59.050498962402344,52384000
2018-07-24,61.895843505859375,62.40399932861328,63.29999923706055,61.77799987792969,63.12950134277344,66364000
2018-07-25,62.67047882080078,63.185001373291016,63.292999267578125,61.95650100708008,61.95650100708008,42556000
2018-07-26,62.90009307861328,63.416500091552734,63.488548278808594,62.45100021362305,62.54999923706055,48112000
2018-07-27,61.420738220214844,61.92499923706055,63.69449996948242,61.54999923706055,63.54999923706055,42612000
2018-07-30,60.49037551879883,60.98699951171875,61.74580001831055,60.57350158691406,61.4005012512207,36998000
2018-07-31,60.36738967895508,60.862998962402344,61.379398345947266,60.279998779296875,61.0004997253418,32894000
2018-08-01,60.50376510620117,61.0004997253418,61.673500061035156,60.510501861572266,61.400001525878906,31344000
2018-08-02,60.80826950073242,61.307498931884766,61.49399948120117,60.239498138427734,60.29499816894531,30626000
2018-08-03,60.687259674072266,61.18550109863281,61.5,60.75299835205078,61.48099899291992,21792000
2018-08-06,60.739830017089844,61.23849868774414,61.30440139770508,60.78984832763672,61.25,21634000
2018-08-07,61.605228424072266,62.111000061035156,62.55849838256836,61.80849838256836,61.849998474121094,29880000
2018-08-08,61.77334213256836,62.28049850463867,62.82500076293945,61.90039825439453,62.02349853515625,27406000
2018-08-09,61.9464225769043,62.45500183105469,62.777099609375,62.300498962402344,62.494998931884766,16972000
2018-08-10,61.37660598754883,61.88050079345703,62.284751892089844,61.599998474121094,62.150001525878906,22174000
2018-08-13,61.24766159057617,61.7504997253418,62.46364974975586,61.68204879760742,61.8489990234375,19946000
2018-08-14,61.59927749633789,62.10499954223633,62.29349899291992,61.25550079345703,61.759498596191406,26962000
2018-08-15,60.22456359863281,60.71900177001953,61.762001037597656,60.47549819946289,61.4630012512207,36576000
2018-08-16,59.83327865600586,60.324501037597656,61.29999923706055,60.127498626708984,61.23649978637695,26864000
2018-08-17,59.559024810791016,60.04800033569336,60.45100021362305,59.4119987487793,60.10150146484375,27792000
2018-08-20,59.89675521850586,60.38850021362305,60.54999923706055,59.731300354003906,60.250999450683594,17416000
2018-08-21,59.59176254272461,60.08100128173828,60.862998962402344,60.0177001953125,60.400001525878906,24112000
2018-08-22,59.87492370605469,60.36650085449219,60.59199905395508,59.95000076293945,60.0,17748000
2018-08-23,59.77822494506836,60.26900100708008,61.06399917602539,60.21200180053711,60.356998443603516,19852000
2018-08-24,60.53550720214844,61.032501220703125,61.08250045776367,60.31795120239258,60.441001892089844,18932000
2018-08-27,61.58538818359375,62.090999603271484,62.15449905395508,61.28580093383789,61.380001068115234,23126000
2018-08-28,61.05623245239258,61.557498931884766,62.12725067138672,61.43450164794922,62.06449890136719,26080000
2018-08-29,61.95634460449219,62.46500015258789,62.53300094604492,61.81795120239258,61.872501373291016,25978000
2018-08-30,61.45148849487305,61.95600128173828,62.6817512512207,61.62950134277344,62.21149826049805,26628000
2018-08-31,60.41350555419922,60.90950012207031,61.93299865722656,60.56425094604492,61.749000549316406,36328000
2018-09-04,59.36263656616211,59.849998474121094,60.64950180053711,59.625,60.2135009765625,36620000
2018-09-05,58.840919494628906,59.32400131225586,59.95050048828125,58.099998474121094,59.689998626708984,41226000
2018-09-06,58.09503936767578,58.571998596191406,59.314998626708984,57.599998474121094,59.314998626708984,37770000
2018-09-07,57.76723861694336,58.24150085449219,58.76300048828125,57.860748291015625,57.93349838256836,28026000
2018-09-10,57.75780487060547,58.231998443603516,58.72700119018555,58.00550079345703,58.609500885009766,22308000
2018-09-11,58.38863754272461,58.86800003051758,58.933998107910156,57.8120002746582,58.08150100708008,24186000
2018-09-12,57.66754913330078,58.14099884033203,58.93050003051758,57.917999267578125,58.63600158691406,25910000
2018-09-13,58.2879638671875,58.76649856567383,58.93050003051758,58.14250183105469,58.5369987487793,28624000
2018-09-14,58.14910125732422,58.62649917602539,59.0212516784668,58.416500091552734,58.95500183105469,18880000
2018-09-17,57.331809997558594,57.8025016784668,58.86199951171875,57.701499938964844,58.50699996948242,26130000
2018-09-18,57.58820343017578,58.06100082397461,58.80400085449219,57.85449981689453,57.85449981689453,24072000
2018-09-19,58.07768630981445,58.554500579833984,58.660499572753906,57.729000091552734,58.249000549316406,23828000
2018-09-20,58.86025619506836,59.34349822998047,59.49449920654297,58.667999267578125,58.9995002746582,24508000
2018-09-21,57.82971954345703,58.304500579833984,59.61050033569336,58.301998138427734,59.599998474121094,88112000
2018-09-24,58.19075012207031,58.66849899291992,58.900001525878906,57.34550094604492,57.85850143432617,25420000
2018-09-25,58.750160217285156,59.23249816894531,59.34400177001953,58.400001525878906,58.807498931884766,19554000
2018-09-26,58.543861389160156,59.02450180053711,59.71149826049805,58.738250732421875,59.25749969482422,29246000
2018-09-27,59.245601654052734,59.731998443603516,60.10499954223633,59.18149948120117,59.33649826049805,25216000
2018-09-28,59.18756866455078,59.673500061035156,59.77050018310547,59.224998474121094,59.59349822998047,27612000
2018-10-01,59.2788200378418,59.765499114990234,60.494998931884766,59.51499938964844,59.99449920654297,27152000
2018-10-02,59.51687240600586,60.00550079345703,60.49800109863281,59.33150100708008,59.54800033569336,33758000
2018-10-03,59.657711029052734,60.147499084472656,60.320499420166016,59.69150161743164,60.25,25124000
2018-10-04,57.933868408203125,58.40950012207031,59.8754997253418,57.77880096435547,59.76649856567383,44190000
2018-10-05,57.39628219604492,57.86750030517578,58.67499923706055,57.25600051879883,58.375,23686000
2018-10-08,56.98069381713867,57.44850158691406,58.400001525878906,56.36819839477539,57.50550079345703,38648000
2018-10-09,56.47732925415039,56.941001892089844,57.717498779296875,56.87860107421875,57.307498931884766,26174000
2018-10-10,53.62077713012695,54.06100082397461,56.60850143432617,54.05649948120117,56.55400085449219,53514000
2018-10-11,53.52655029296875,53.965999603271484,55.31999969482422,53.41350173950195,53.64699935913086,58980000
2018-10-12,55.052024841308594,55.50400161743164,55.75,54.320098876953125,55.400001525878906,42026000
2018-10-15,54.167789459228516,54.61249923706055,55.672298431396484,54.45000076293945,55.445499420166016,27448000
2018-10-16,55.60746383666992,56.06399917602539,56.21099853515625,55.125,55.22949981689453,38570000
2018-10-17,55.33024597167969,55.78450012207031,56.449501037597656,55.109500885009766,56.323001861572266,29344000
2018-10-18,53.95552444458008,54.39849853515625,56.09199905395508,53.85449981689453,56.09199905395508,41890000
2018-10-19,54.37657165527344,54.823001861572266,55.518001556396484,54.38750076293945,54.66849899291992,25352000
2018-10-22,54.60965347290039,55.05799865722656,55.61149978637695,54.54999923706055,55.15299987792969,30284000
2018-10-23,54.735130310058594,55.18450164794922,55.394500732421875,53.5,54.044498443603516,36974000
2018-10-24,52.107696533203125,52.535499572753906,55.305999755859375,52.4370002746582,55.212501525878906,39648000
2018-10-25,54.332427978515625,54.778499603271484,55.54899978637695,53.477500915527344,53.589500427246094,50916000
2018-10-26,53.13725280761719,53.57350158691406,55.326499938964844,51.704498291015625,51.85150146484375,83752000
2018-10-29,50.58867645263672,51.00400161743164,54.85200119018555,49.791500091552734,54.12350082397461,77614000
2018-10-30,51.388607025146484,51.81050109863281,51.8745002746582,50.037498474121094,50.42300033569336,64254000
2018-10-31,53.40009307861328,53.8385009765625,54.59700012207031,52.849998474121094,52.990501403808594,50596000
2018-11-01,53.0643424987793,53.5,54.19874954223633,53.12300109863281,53.790000915527344,29640000
2018-11-02,52.45881652832031,52.88949966430664,54.14875030517578,52.730499267578125,53.686500549316406,36780000
2018-11-05,51.581024169921875,52.00450134277344,52.923500061035156,51.0620002746582,52.75,48828000
2018-11-06,52.360626220703125,52.79050064086914,53.21725082397461,51.903499603271484,51.9739990234375,24666000
2018-11-07,54.22432327270508,54.669498443603516,54.77299880981445,53.29499816894531,53.45000076293945,41168000
2018-11-08,53.679290771484375,54.119998931884766,54.66350173950195,53.61024856567383,54.569000244140625,29764000
2018-11-09,52.873416900634766,53.307498931884766,53.77799987792969,52.65549850463867,53.699501037597656,26864000
2018-11-12,51.50861740112305,51.93149948120117,53.10599899291992,51.54999923706055,53.06949996948242,29436000
2018-11-13,51.38066864013672,51.8025016784668,52.83024978637695,51.557498931884766,52.16450119018555,30274000
2018-11-14,51.7580680847168,52.18299865722656,52.72819900512695,51.54999923706055,52.5,31318000
2018-11-15,52.80199432373047,53.23550033569336,53.592498779296875,51.5890007019043,52.23550033569336,36722000
2018-11-16,52.642311096191406,53.074501037597656,53.349998474121094,52.44900131225586,52.97050094604492,33162000
2018-11-19,50.5847053527832,51.0,53.03950119018555,50.8129997253418,52.86000061035156,37172000
2018-11-20,50.87035369873047,51.28799819946289,51.58700180053711,49.80099868774414,50.0,48982000
2018-11-21,51.45803451538086,51.88050079345703,52.428001403808594,51.673500061035156,51.8380012512207,30686000
2018-11-23,50.777122497558594,51.194000244140625,51.87950134277344,51.11994934082031,51.5,13830000
2018-11-26,52.00405502319336,52.430999755859375,52.46549987792969,51.695499420166016,51.91749954223633,38856000
2018-11-27,51.795265197753906,52.22050094604492,52.87900161743164,51.92449951171875,52.04999923706055,36064000
2018-11-28,53.86923599243164,54.311500549316406,54.34199905395508,51.78799819946289,52.4379997253418,49508000
2018-11-29,53.971893310546875,54.415000915527344,54.712249755859375,53.79999923706055,53.80400085449219,29378000
2018-11-30,54.27589416503906,54.721500396728516,54.778499603271484,53.89400100708008,54.45349884033203,51604000
2018-12-03,54.87101364135742,55.32149887084961,56.23249816894531,55.183250427246094,56.15700149536133,39824000
2018-12-04,52.11315155029297,52.54100036621094,55.22100067138672,52.499000549316406,55.15599822998047,46904000
2018-12-06,53.001365661621094,53.436500549316406,53.560001373291016,51.53850173950195,51.7130012512207,55384000
2018-12-07,51.406951904296875,51.82899856567383,53.76300048828125,51.42499923706055,53.0004997253418,42024000
2018-12-10,51.55424499511719,51.977500915527344,52.42250061035156,51.16450119018555,51.752498626708984,36154000
2018-12-11,52.15927505493164,52.587501525878906,53.029998779296875,51.992000579833984,52.824501037597656,27894000
2018-12-12,52.750911712646484,53.183998107910156,54.08250045776367,53.13949966430664,53.400001525878906,30476000
2018-12-13,52.66264343261719,53.095001220703125,53.987998962402344,52.69649887084961,53.403499603271484,26596000
2018-12-14,51.68070983886719,52.10499954223633,53.130001068115234,52.03950119018555,52.499000549316406,33732000
2018-12-17,50.41261291503906,50.826499938964844,52.657501220703125,50.39500045776367,51.8754997253418,47708000
2018-12-18,51.01664733886719,51.43550109863281,52.4739990234375,51.071998596191406,51.304500579833984,43850000
2018-12-19,50.733978271484375,51.1505012512207,53.099998474121094,50.40250015258789,51.699501037597656,49586000
2018-12-20,50.059513092041016,50.47050094604492,51.71099853515625,49.81800079345703,50.90650177001953,53470000
2018-12-21,48.578182220458984,48.97700119018555,51.20100021362305,48.68450164794922,50.76499938964844,91920000
2018-12-24,48.41353225708008,48.81100082397461,50.176998138427734,48.50550079345703,48.69499969482422,31806000
2018-12-26,51.549774169921875,51.972999572753906,52.0,49.150001525878906,49.45050048828125,47466000
2018-12-27,51.768978118896484,52.194000244140625,52.19449996948242,49.849998474121094,50.85749816894531,42196000
2018-12-28,51.43174743652344,51.854000091552734,52.77799987792969,51.654998779296875,52.48099899291992,28296000
2018-12-31,51.358848571777344,51.78049850463867,52.6349983215332,51.179500579833984,52.54800033569336,29866000
2019-01-02,51.866676330566406,52.29249954223633,52.61600112915039,50.785499572753906,50.82849884033203,30652000
2019-01-03,50.38930892944336,50.803001403808594,52.8489990234375,50.70349884033203,52.04999923706055,36822000
2019-01-04,53.09955978393555,53.535499572753906,53.54199981689453,51.37089920043945,51.62950134277344,41878000
2019-01-07,52.984500885009766,53.419498443603516,53.70000076293945,52.737998962402344,53.57500076293945,39638000
2019-01-08,53.37578582763672,53.81399917602539,54.22800064086914,53.0265007019043,53.80550003051758,35298000
2019-01-09,53.295448303222656,53.733001708984375,54.131500244140625,53.31999969482422,54.08250045776367,23986000
2019-01-10,53.080711364746094,53.51649856567383,53.557498931884766,52.885501861572266,53.382999420166016,29128000
2019-01-11,52.42906188964844,52.859500885009766,53.188751220703125,52.42399978637695,53.159000396728516,30416000
2019-01-14,51.80915069580078,52.234500885009766,52.576499938964844,52.06275177001953,52.34600067138672,22886000
2019-01-15,53.4189338684082,53.85749816894531,54.002498626708984,52.367000579833984,52.50849914550781,29272000
2019-01-16,53.608375549316406,54.048500061035156,54.618751525878906,53.96699905395508,54.0,26636000
2019-01-17,54.051246643066406,54.494998931884766,54.59000015258789,53.67499923706055,53.9734992980957,24854000
2019-01-18,54.46583938598633,54.91299819946289,55.417598724365234,54.54499816894531,55.0,39112000
2019-01-22,53.09013748168945,53.5260009765625,54.57550048828125,53.173500061035156,54.400001525878906,32270000
2019-01-23,53.340579986572266,53.778499603271484,54.246498107910156,52.98749923706055,53.86750030517578,19340000
2019-01-24,53.25775146484375,53.69499969482422,53.973751068115234,53.03499984741211,53.82400131225586,27226000
2019-01-25,54.10529327392578,54.54949951171875,54.70000076293945,54.090999603271484,54.25,22382000
2019-01-28,53.06831741333008,53.50400161743164,54.150001525878906,53.189998626708984,54.00550079345703,25686000
2019-01-29,52.599159240722656,53.03099822998047,53.75749969482422,52.793251037597656,53.63399887084961,20436000
2019-01-30,54.009586334228516,54.452999114990234,54.54999923706055,53.342498779296875,53.42150115966797,25596000
2019-01-31,55.36396408081055,55.81850051879883,55.86650085449219,54.77050018310547,55.150001525878906,30766000
2019-02-01,55.08525085449219,55.537498474121094,56.25,55.24449920654297,55.619998931884766,29244000
2019-02-04,56.17877960205078,56.63999938964844,56.63999938964844,55.45100021362305,55.632999420166016,51530000
2019-02-05,56.83290100097656,57.29949951171875,57.342498779296875,55.86240005493164,56.242000579833984,71044000
2019-02-06,55.307430267333984,55.76150131225586,57.349998474121094,55.63850021362305,56.97850036621094,42112000
2019-02-07,54.488162994384766,54.93550109863281,55.242000579833984,54.29999923706055,55.20800018310547,40896000
2019-02-08,54.30714416503906,54.75299835205078,54.945499420166016,54.32749938964844,54.349998474121094,21516000
2019-02-11,54.30466842651367,54.7504997253418,55.29724884033203,54.643001556396484,54.84749984741211,21304000
2019-02-12,55.61193084716797,56.06850051879883,56.26475143432617,55.29249954223633,55.34000015258789,32182000
2019-02-13,55.55192184448242,56.007999420166016,56.73649978637695,55.92499923706055,56.2495002746582,20996000
2019-02-14,55.626808166503906,56.083499908447266,56.4114990234375,55.52225112915039,55.90250015258789,18952000
2019-02-15,55.22907257080078,55.682498931884766,56.583499908447266,55.532501220703125,56.50400161743164,28996000
2019-02-19,55.472572326660156,55.928001403808594,56.09450149536133,55.5,55.5,20928000
2019-02-20,55.23651123046875,55.689998626708984,56.170501708984375,55.263999938964844,55.9995002746582,21756000
2019-02-21,54.4018669128418,54.8484992980957,55.59700012207031,54.625999450683594,55.54199981689453,28302000
2019-02-22,55.066410064697266,55.51850128173828,55.5620002746582,54.779998779296875,55.04499816894531,20990000
2019-02-25,55.01830291748047,55.470001220703125,55.926998138427734,55.36349868774414,55.79999923706055,28262000
2019-02-26,55.30247116088867,55.756500244140625,55.97549819946289,54.99599838256836,55.287498474121094,29426000
2019-02-27,55.34809875488281,55.8025016784668,55.89899826049805,55.04999923706055,55.34749984741211,19368000
2019-02-28,55.54001998901367,55.99599838256836,56.38249969482422,55.550498962402344,55.564998626708984,30850000
2019-03-01,56.584938049316406,57.04949951171875,57.14849853515625,56.23749923706055,56.244998931884766,29006000
2019-03-04,56.92266845703125,57.38999938964844,57.91400146484375,56.53450012207031,57.3494987487793,28920000
2019-03-05,57.62837600708008,58.10150146484375,58.480499267578125,57.309749603271484,57.50299835205078,28864000
2019-03-06,57.421573638916016,57.893001556396484,58.378299713134766,57.77450180053711,58.1245002746582,21986000
2019-03-07,56.699493408203125,57.165000915527344,57.83774948120117,56.74549865722656,57.7859992980957,23332000
2019-03-08,56.65090560913086,57.11600112915039,57.354000091552734,56.165000915527344,56.33649826049805,24248000
2019-03-11,58.30928421020508,58.78799819946289,58.80950164794922,57.22249984741211,57.22249984741211,34384000
2019-03-12,59.17417907714844,59.65999984741211,60.0,58.91299819946289,58.91299819946289,40262000
2019-03-13,59.18013381958008,59.66600036621094,60.04650115966797,59.59700012207031,60.032249450683594,28718000
2019-03-14,58.7947998046875,59.27750015258789,59.89400100708008,59.2239990234375,59.72549819946289,23456000
2019-03-15,58.74073791503906,59.222999572753906,59.82849884033203,59.13050079345703,59.66899871826172,49236000
2019-03-18,58.7308235168457,59.2130012512207,59.5,58.87105178833008,59.165000915527344,25852000
2019-03-19,59.45438003540039,59.942501068115234,60.0,59.29349899291992,59.44049835205078,30414000
2019-03-20,60.70014953613281,61.19850158691406,61.356998443603516,59.80849838256836,59.86750030517578,44548000
2019-03-21,61.07557678222656,61.57699966430664,61.589500427246094,60.657501220703125,60.79999923706055,24080000
2019-03-22,59.7841796875,60.275001525878906,61.5,60.14125061035156,61.316001892089844,34284000
2019-03-25,59.16426467895508,59.650001525878906,60.31990051269531,59.35200119018555,59.846500396728516,29936000
2019-03-26,58.74867630004883,59.23099899291992,60.14149856567383,58.83599853515625,59.92649841308594,38024000
2019-03-27,58.17340087890625,58.6510009765625,59.37794876098633,57.96849822998047,59.275001525878906,28004000
2019-03-28,57.94874572753906,58.42449951171875,58.578250885009766,57.97154998779297,58.57699966430664,19234000
2019-03-29,58.187782287597656,58.66550064086914,58.949501037597656,58.14400100708008,58.744998931884766,25398000
2019-04-01,59.23518371582031,59.721500396728516,59.83300018310547,59.099998474121094,59.20500183105469,25050000
2019-04-02,59.53571701049805,60.02450180053711,60.067501068115234,59.285499572753906,59.76599884033203,16558000
2019-04-03,59.80500411987305,60.29600143432617,60.814998626708984,60.025001525878906,60.374000549316406,20286000
2019-04-04,60.255306243896484,60.75,60.78350067138672,60.20650100708008,60.297000885009766,19000000
2019-04-05,59.86600112915039,60.35749816894531,60.81100082397461,60.25149917602539,60.7495002746582,18144000
2019-04-08,59.70185089111328,60.19200134277344,60.43450164794922,59.99300003051758,60.394500732421875,17204000
2019-04-09,59.37503433227539,59.86249923706055,60.114498138427734,59.65399932861328,59.79999923706055,17528000
2019-04-10,59.618534088134766,60.108001708984375,60.18925094604492,59.82175064086914,60.034000396728516,14492000
2019-04-11,59.740535736083984,60.23099899291992,60.39799880981445,60.006500244140625,60.198001861572266,14204000
2019-04-12,60.39763641357422,60.89350128173828,60.91749954223633,60.40549850463867,60.5,18668000
2019-04-15,60.557830810546875,61.05500030517578,61.209999084472656,60.455501556396484,60.900001525878906,23748000
2019-04-16,60.85686492919922,61.35649871826172,61.54100036621094,61.00600051879883,61.25,17126000
2019-04-17,61.31361770629883,61.81700134277344,62.02799987792969,61.39099884033203,61.650001525878906,24438000
2019-04-18,61.31510543823242,61.81850051879883,62.099998474121094,61.730499267578125,61.95899963378906,26636000
2019-04-22,61.933528900146484,62.44200134277344,62.454498291015625,61.41550064086914,61.79949951171875,16146000
2019-04-23,62.71263885498047,63.227500915527344,63.45000076293945,62.319000244140625,62.53450012207031,26398000
2019-04-24,62.28861618041992,62.79999923706055,63.4005012512207,62.75,63.20600128173828,20376000
2019-04-25,62.658084869384766,63.17250061035156,63.370399475097656,62.60150146484375,63.23849868774414,22146000
2019-04-26,63.09102249145508,63.60900115966797,63.653499603271484,63.01599884033203,63.45000076293945,24828000
2019-04-29,63.854759216308594,64.37899780273438,64.4635009765625,63.31475067138672,63.70000076293945,49988000
2019-04-30,58.94010543823242,59.42399978637695,59.640499114990234,58.75,59.25,124140000
2019-05-01,57.928409576416016,58.40399932861328,59.40250015258789,58.35900115966797,59.40250015258789,52784000
2019-05-02,57.65714645385742,58.13050079345703,58.70949935913086,57.750099182128906,58.38800048828125,38896000
2019-05-03,58.787349700927734,59.27000045776367,59.34000015258789,58.45000076293945,58.682498931884766,39614000
2019-05-06,58.9852409362793,59.46950149536133,59.54249954223633,58.3129997253418,58.3129997253418,31278000
2019-05-07,58.22696304321289,58.70500183105469,59.52199935913086,58.051998138427734,59.02349853515625,31028000
2019-05-08,57.838645935058594,58.313499450683594,59.02119827270508,58.2869987487793,58.60049819946289,26186000
2019-05-09,57.645729064941406,58.11899948120117,58.483001708984375,57.54249954223633,57.951499938964844,23714000
2019-05-10,57.73946762084961,58.2135009765625,58.630001068115234,57.125,58.179500579833984,26290000
2019-05-13,56.14059829711914,56.60150146484375,57.39699935913086,56.105499267578125,57.097999572753906,37212000
2019-05-14,55.5658073425293,56.02199935913086,57.020999908447266,55.977500915527344,56.86050033569336,36732000
2019-05-15,57.736488342285156,58.21049880981445,58.56650161743164,55.83330154418945,55.89350128173828,45786000
2019-05-16,58.46897506713867,58.94900131225586,59.40800094604492,58.141998291015625,58.22549819946289,30628000
2019-05-17,57.64176559448242,58.1150016784668,59.00749969482422,58.0004997253418,58.423500061035156,24172000
2019-05-20,56.47881317138672,56.942501068115234,57.33985137939453,56.57215118408203,57.224998474121094,27066000
2019-05-21,57.013423919677734,57.48149871826172,57.635398864746094,56.89699935913086,57.42449951171875,23196000
2019-05-22,57.10219955444336,57.57099914550781,57.92599868774414,57.294498443603516,57.337501525878906,18290000
2019-05-23,56.57403564453125,57.03850173950195,57.298648834228516,56.46120071411133,57.025001525878906,23978000
2019-05-24,56.211997985839844,56.673500061035156,57.488250732421875,56.58300018310547,57.36800003051758,22240000
2019-05-28,56.2457275390625,56.70750045776367,57.579349517822266,56.65599822998047,56.70000076293945,27300000
2019-05-29,55.368431091308594,55.823001861572266,56.45500183105469,55.4109992980957,56.375999450683594,30764000
2019-05-30,55.442325592041016,55.897499084472656,56.15650177001953,55.60599899291992,55.777000427246094,19038000
2019-05-31,54.73215103149414,55.18149948120117,55.47999954223633,55.00899887084961,55.06449890136719,30156000
2019-06-03,51.38959503173828,51.811500549316406,53.275001525878906,51.25,53.275001525878906,102612000
2019-06-04,52.22374725341797,52.65250015258789,52.8025016784668,51.68450164794922,52.14500045776367,56670000
2019-06-05,51.68665313720703,52.111000061035156,52.6775016784668,51.52450180053711,52.57699966430664,43368000
2019-06-06,51.79179763793945,52.21699905395508,52.3745002746582,51.685001373291016,52.2495002746582,34064000
2019-06-07,52.867958068847656,53.301998138427734,53.54600143432617,52.41999816894531,52.53150177001953,36048000
2019-06-10,53.57911682128906,54.01900100708008,54.632999420166016,53.6161003112793,53.64899826049805,29284000
2019-06-11,53.49679183959961,53.93600082397461,55.0994987487793,53.880149841308594,54.69900131225586,28734000
2019-06-12,53.41299057006836,53.85150146484375,54.04650115966797,53.37699890136719,53.900001525878906,21220000
2019-06-13,53.99519729614258,54.438499450683594,54.708499908447266,54.00749969482422,54.18199920654297,21154000
2019-06-14,53.825592041015625,54.26750183105469,54.634498596191406,54.00859832763672,54.32099914550781,22230000
2019-06-17,54.1801872253418,54.625,54.95899963378906,54.31399917602539,54.31399917602539,18832000
2019-06-18,54.73066711425781,55.18000030517578,55.81949996948242,54.949501037597656,55.484500885009766,27734000
2019-06-19,54.66768264770508,55.11650085449219,55.349998474121094,54.67399978637695,55.279998779296875,26776000
2019-06-20,55.11848068237305,55.57099914550781,56.00600051879883,55.23699951171875,55.9995002746582,25240000
2019-06-21,55.63722229003906,56.09400177001953,56.205501556396484,55.40399932861328,55.46200180053711,38952000
2019-06-24,55.32181167602539,55.7760009765625,56.099998474121094,55.550498962402344,55.980499267578125,27912000
2019-06-25,53.87518310546875,54.317501068115234,55.717498779296875,54.189998626708984,55.632999420166016,30938000
2019-06-26,53.550357818603516,53.9900016784668,54.64849853515625,53.61199951171875,54.32500076293945,36218000
2019-06-27,53.362396240234375,53.800498962402344,54.35499954223633,53.76449966430664,54.20000076293945,20086000
2019-06-28,53.605403900146484,54.045501708984375,54.04999923706055,53.66849899291992,53.81949996948242,33864000
2019-07-01,54.45046615600586,54.897499084472656,55.37900161743164,54.685150146484375,54.900001525878906,28726000
2019-07-02,55.11004638671875,55.5625,55.5885009765625,54.90850067138672,55.11199951171875,19832000
2019-07-03,55.622344970703125,56.07899856567383,56.3380012512207,55.69300079345703,55.87049865722656,15340000
2019-07-05,56.118770599365234,56.579498291015625,56.64400100708008,55.80699920654297,55.88999938964844,25286000
2019-07-08,55.362979888916016,55.817501068115234,56.29899978637695,55.56050109863281,56.25849914550781,24728000
2019-07-09,55.78352737426758,56.24150085449219,56.401248931884766,55.35850143432617,55.59000015258789,26608000
2019-07-10,56.55964660644531,57.02399826049805,57.102500915527344,56.548500061035156,56.56100082397461,24190000
2019-07-11,56.74462890625,57.21049880981445,57.653499603271484,56.979000091552734,57.162498474121094,23910000
2019-07-12,56.778846740722656,57.244998931884766,57.367000579833984,56.93899917602539,57.199501037597656,17280000
2019-07-15,57.04862976074219,57.516998291015625,57.54100036621094,56.970001220703125,57.34299850463867,18076000
2019-07-16,57.20931625366211,57.67900085449219,57.92900085449219,57.25,57.29999923706055,24776000
2019-07-17,56.850765228271484,57.317501068115234,57.917999267578125,57.28850173950195,57.548500061035156,23400000
2019-07-18,56.84976577758789,57.31650161743164,57.3802490234375,56.63650131225586,57.08700180053711,25814000
2019-07-19,56.04486846923828,56.505001068115234,57.55699920654297,56.48099899291992,57.40950012207031,32944000
2019-07-22,56.440128326416016,56.903499603271484,56.962501525878906,56.21200180053711,56.67250061035156,26030000
2019-07-23,56.84381866455078,57.31050109863281,57.345001220703125,56.59000015258789,57.20000076293945,21874000
2019-07-24,56.42723846435547,56.890499114990234,57.20000076293945,56.3494987487793,56.595001220703125,31796000
2019-07-25,56.14504623413086,56.60599899291992,57.084999084472656,56.04600143432617,56.89099884033203,44196000
2019-07-26,62.01139450073242,62.52050018310547,63.27750015258789,61.20000076293945,61.20199966430664,96116000
2019-07-29,61.46587371826172,61.97050094604492,62.368499755859375,61.4114990234375,62.0525016784668,44474000
2019-07-30,60.758182525634766,61.25699996948242,61.743499755859375,61.165000915527344,61.27050018310547,29066000
2019-07-31,60.338619232177734,60.83399963378906,61.70000076293945,60.38819885253906,61.150001525878906,34510000
2019-08-01,59.958248138427734,60.45050048828125,61.705501556396484,60.2859992980957,60.701499938964844,33970000
2019-08-02,59.21337127685547,59.699501037597656,60.345001220703125,59.446998596191406,60.0369987487793,32902000
2019-08-05,57.14682388305664,57.61600112915039,58.762001037597656,57.00699996948242,58.50199890136719,51950000
2019-08-06,58.021148681640625,58.497501373291016,58.99800109863281,58.0,58.16550064086914,34188000
2019-08-07,58.22150802612305,58.699501037597656,58.92224884033203,57.481201171875,57.79999923706055,28886000
2019-08-08,59.74946594238281,60.2400016784668,60.2504997253418,58.6510009765625,59.14149856567383,29360000
2019-08-09,58.91679763793945,59.4005012512207,60.194000244140625,59.18014907836914,59.89950180053711,21314000
2019-08-12,58.25720977783203,58.73550033569336,59.24800109863281,58.38359832763672,58.96049880981445,20060000
2019-08-13,59.37602615356445,59.86349868774414,60.23899841308594,58.573001861572266,58.573001861572266,25888000
2019-08-14,57.74045181274414,58.214500427246094,59.1150016784668,58.027000427246094,58.81549835205078,31574000
2019-08-15,57.88774490356445,58.362998962402344,58.79199981689453,58.105499267578125,58.17499923706055,24374000
2019-08-16,58.400535583496094,58.880001068115234,59.13600158691406,58.59049987792969,58.977500915527344,26266000
2019-08-19,59.43454360961914,59.92250061035156,60.3494987487793,59.50450134277344,59.50450134277344,24632000
2019-08-20,58.65296173095703,59.134498596191406,59.803001403808594,59.105499267578125,59.76250076293945,18310000
2019-08-21,59.077476501464844,59.5625,59.95000076293945,59.371498107910156,59.657501220703125,14814000
2019-08-22,58.99217987060547,59.47650146484375,59.90060043334961,58.92900085449219,59.70349884033203,18950000
2019-08-23,57.09574890136719,57.56449890136719,59.70399856567383,57.38750076293945,59.0994987487793,33740000
2019-08-26,57.96857833862305,58.44449996948242,58.4734992980957,57.64799880981445,57.862998962402344,24522000
2019-08-27,57.916507720947266,58.391998291015625,59.119998931884766,58.0724983215332,59.0265007019043,21544000
2019-08-28,58.074214935302734,58.55099868774414,58.82099914550781,57.8650016784668,58.08549880981445,16040000
2019-08-29,59.156829833984375,59.64250183105469,59.803001403808594,59.055999755859375,59.055999755859375,21768000
2019-08-30,58.92125701904297,59.404998779296875,59.92499923706055,59.19015121459961,59.92499923706055,22596000
2019-09-03,57.94378662109375,58.419498443603516,59.34450149536133,58.15999984741211,58.85150146484375,29598000
2019-09-04,58.58948516845703,59.070499420166016,59.17399978637695,58.54999923706055,58.83549880981445,21378000
2019-09-05,60.075782775878906,60.569000244140625,60.652000427246094,59.576499938964844,59.576499938964844,28162000
2019-09-06,59.75590896606445,60.246498107910156,60.60074996948242,60.1260986328125,60.40650177001953,21442000
2019-09-09,59.730125427246094,60.22050094604492,61.0,59.63100051879883,60.20000076293945,29438000
2019-09-10,59.8089714050293,60.29999923706055,60.5,59.729000091552734,59.75749969482422,25202000
2019-09-11,60.51170349121094,61.00849914550781,61.130001068115234,60.11000061035156,60.170501708984375,26140000
2019-09-12,61.2099723815918,61.712501525878906,62.09299850463867,61.1510009765625,61.21500015258789,34518000
2019-09-13,61.473304748535156,61.97800064086914,62.04399871826172,61.35049819946289,61.567501068115234,26028000
2019-09-16,61.063663482666016,61.564998626708984,61.97800064086914,61.28049850463867,61.47600173950195,21066000
2019-09-17,60.9570426940918,61.45750045776367,61.75,61.18450164794922,61.52000045776367,19102000
2019-09-18,61.11872100830078,61.62049865722656,61.78049850463867,60.826499938964844,61.3754997253418,22702000
2019-09-19,61.431156158447266,61.93550109863281,62.22200012207031,61.60100173950195,61.60300064086914,19920000
2019-09-20,60.99573516845703,61.496498107910156,62.16600036621094,61.15399932861328,61.65599822998047,45400000
2019-09-23,61.19906234741211,61.701499938964844,61.954498291015625,61.208499908447266,61.29999923706055,21248000
2019-09-24,60.44178009033203,60.9379997253418,62.33700180053711,60.534000396728516,62.0,31664000
2019-09-25,61.81847381591797,62.32600021362305,62.415000915527344,60.50450134277344,60.79100036621094,29060000
2019-09-26,61.56406021118164,62.06949996948242,62.25,61.613399505615234,62.097999572753906,30760000
2019-09-27,60.75570297241211,61.25450134277344,62.20100021362305,60.72249984741211,62.1505012512207,27078000
2019-09-30,60.453678131103516,60.95000076293945,61.29999923706055,60.6150016784668,61.048500061035156,28082000
2019-10-01,59.764339447021484,60.255001068115234,61.561500549316406,60.17900085449219,60.95000076293945,25470000
2019-10-02,58.3524284362793,58.83150100708008,59.8489990234375,58.56449890136719,59.8489990234375,32302000
2019-10-03,58.907867431640625,59.39149856567383,59.452999114990234,58.121498107910156,59.0,32424000
2019-10-04,59.95775604248047,60.45000076293945,60.571998596191406,59.458499908447266,59.59450149536133,23248000
2019-10-07,59.89228439331055,60.38399887084961,60.91019821166992,60.1875,60.220001220703125,16858000
2019-10-08,58.97234344482422,59.45650100708008,60.30400085449219,59.45050048828125,59.87950134277344,20786000
2019-10-09,59.625980377197266,60.115501403808594,60.41749954223633,59.881500244140625,59.967498779296875,17354000
2019-10-10,59.94137954711914,60.43349838256836,60.75,59.867000579833984,59.92900085449219,16932000
2019-10-11,60.277626037597656,60.772499084472656,61.419498443603516,60.6870002746582,61.11050033569336,25454000
2019-10-14,60.3614387512207,60.856998443603516,61.31650161743164,60.5880012512207,60.617000579833984,17350000
2019-10-15,61.64440155029297,62.1505012512207,62.36650085449219,61.02000045776367,61.02000045776367,27634000
2019-10-16,61.6756477355957,62.18199920654297,62.73699951171875,61.92250061035156,62.05849838256836,21892000
2019-10-17,62.143306732177734,62.653499603271484,63.1662483215332,62.49700164794922,62.54650115966797,19048000
2019-10-18,61.767398834228516,62.27450180053711,62.94449996948242,62.05400085449219,62.67300033569336,27056000
2019-10-21,61.80012130737305,62.307498931884766,62.731449127197266,62.029998779296875,62.612998962402344,20544000
2019-10-22,61.63399124145508,62.13999938964844,62.529998779296875,62.069000244140625,62.39250183105469,20476000
2019-10-23,62.44384002685547,62.95650100708008,62.99449920654297,62.11800003051758,62.11800003051758,18230000
2019-10-24,62.53607940673828,63.04949951171875,63.20000076293945,62.68574905395508,63.04499816894531,20562000
2019-10-25,62.74139404296875,63.256500244140625,63.47999954223633,62.5004997253418,62.55149841308594,24262000
2019-10-28,63.974761962890625,64.5,64.96549987792969,63.62699890136719,63.772499084472656,52264000
2019-10-29,62.61691665649414,63.13100051879883,64.07949829101562,62.860599517822266,63.811500549316406,37728000
2019-10-30,62.55096435546875,63.06449890136719,63.46799850463867,62.599998474121094,62.64849853515625,28178000
2019-10-31,62.4924430847168,63.00550079345703,63.38349914550781,62.54214859008789,63.06399917602539,29114000
2019-11-01,63.168392181396484,63.6870002746582,63.73099899291992,63.025001525878906,63.25,33402000
2019-11-04,64.04270935058594,64.56849670410156,64.70649719238281,63.8177490234375,63.8224983215332,30020000
2019-11-05,64.07544708251953,64.60150146484375,64.94650268554688,64.56144714355469,64.64450073242188,25654000
2019-11-06,64.06402587890625,64.58999633789062,64.6865005493164,64.125,64.4729995727539,23060000
2019-11-07,64.91010284423828,65.44300079345703,66.18699645996094,64.71224975585938,64.71399688720703,40600000
2019-11-08,65.03455352783203,65.56849670410156,65.9000015258789,65.21824645996094,65.26399993896484,25028000
2019-11-11,64.43052673339844,64.95950317382812,65.32125091552734,64.87049865722656,65.15899658203125,20238000
2019-11-12,64.41117858886719,64.94000244140625,65.5,64.78849792480469,65.0,21718000
2019-11-13,64.37151336669922,64.9000015258789,65.21499633789062,64.67549896240234,64.70349884033203,16534000
2019-11-14,65.03903198242188,65.572998046875,65.8499984741211,64.78250122070312,64.875,23870000
2019-11-15,66.19999694824219,66.74349975585938,66.74400329589844,65.71399688720703,65.9469985961914,35652000
2019-11-18,65.49727630615234,66.03500366210938,66.77645111083984,65.875,66.61100006103516,29748000
2019-11-19,65.23741149902344,65.77300262451172,66.38500213623047,65.63999938964844,66.38500213623047,25384000
2019-11-20,64.6219482421875,65.15249633789062,65.75,64.55750274658203,65.58699798583984,26172000
2019-11-21,64.53764343261719,65.06749725341797,65.62950134277344,64.6500015258789,65.0739974975586,19910000
2019-11-22,64.23959350585938,64.76699829101562,65.4365005493164,64.57050323486328,65.28099822998047,27714000
2019-11-25,64.80248260498047,65.33450317382812,65.56549835205078,64.90650177001953,64.95899963378906,20724000
2019-11-26,65.1426773071289,65.67749786376953,65.73999786376953,65.25450134277344,65.49299621582031,21394000
2019-11-27,65.11491394042969,65.64949798583984,65.91799926757812,65.48149871826172,65.75,19912000
2019-11-29,64.71668243408203,65.24800109863281,65.51024627685547,65.19850158691406,65.35600280761719,11740000
2019-12-02,63.97080612182617,64.49600219726562,65.29149627685547,64.05000305175781,65.05000305175781,30218000
2019-12-03,64.23663330078125,64.76399993896484,64.92304992675781,63.95000076293945,63.97850036621094,22876000
2019-12-04,65.48934936523438,66.0270004272461,66.29000091552734,65.24349975585938,65.35050201416016,30750000
2019-12-05,65.8657455444336,66.40650177001953,66.46790313720703,65.8219985961914,66.4000015258789,24254000
2019-12-06,66.48516845703125,67.03099822998047,67.19999694824219,66.6719970703125,66.6719970703125,26296000
2019-12-09,66.63097381591797,67.1780014038086,67.97250366210938,66.89199829101562,66.9020004272461,27086000
2019-12-10,66.68551635742188,67.23300170898438,67.49874877929688,66.802001953125,67.07499694824219,21882000
2019-12-11,66.703369140625,67.2509994506836,67.55999755859375,67.13349914550781,67.54199981689453,17008000
2019-12-12,66.96372985839844,67.51349639892578,67.78874969482422,67.0250015258789,67.2969970703125,25620000
2019-12-13,66.84272766113281,67.3915023803711,67.65464782714844,67.19349670410156,67.39749908447266,30992000
2019-12-16,67.5042953491211,68.05850219726562,68.23400115966797,67.63349914550781,67.82499694824219,27946000
2019-12-17,67.2042465209961,67.75599670410156,68.25,67.56614685058594,68.14450073242188,37080000
2019-12-18,67.08028411865234,67.63099670410156,68.02349853515625,67.55000305175781,67.83000183105469,30452000
2019-12-19,67.2498779296875,67.802001953125,67.90499877929688,67.44924926757812,67.59100341796875,29398000
2019-12-20,66.93000793457031,67.47949981689453,68.18199920654297,67.44999694824219,68.1675033569336,66300000
2019-12-23,66.892822265625,67.44200134277344,67.98999786376953,67.32550048828125,67.79350280761719,17662000
2019-12-24,66.63097381591797,67.1780014038086,67.51300048828125,67.13899993896484,67.42500305175781,6950000
2019-12-26,67.46611785888672,68.0199966430664,68.06635284423828,67.22350311279297,67.30850219726562,13350000
2019-12-27,67.0440673828125,67.59449768066406,68.22650146484375,67.46549987792969,68.14949798583984,20768000
2019-12-30,66.26298522949219,66.80699920654297,67.6500015258789,66.70099639892578,67.5,21018000
2019-12-31,66.306640625,66.85099792480469,66.9000015258789,66.4542465209961,66.50550079345703,19236000
2020-01-02,67.811767578125,68.36849975585938,68.40699768066406,67.07749938964844,67.07749938964844,28132000
2020-01-03,67.47900390625,68.03299713134766,68.625,67.2771987915039,67.39299774169922,23728000
2020-01-06,69.1428451538086,69.71050262451172,69.82499694824219,67.5,67.5,34646000
2020-01-07,69.09969329833984,69.66699981689453,70.14949798583984,69.51899719238281,69.89700317382812,30054000
2020-01-08,69.64421844482422,70.21600341796875,70.5790023803711,69.54199981689453,69.60399627685547,30560000
2020-01-09,70.41340637207031,70.99150085449219,71.36650085449219,70.51349639892578,71.02850341796875,30018000
2020-01-10,70.90438842773438,71.48650360107422,71.74645233154297,70.9175033569336,71.37799835205078,36414000
2020-01-13,71.3755111694336,71.96150207519531,72.0260009765625,71.3010025024414,71.80650329589844,33046000
2020-01-14,70.96141052246094,71.54399871826172,72.08999633789062,71.41850280761719,71.95050048828125,31178000
2020-01-15,71.3740234375,71.95999908447266,72.06974792480469,71.510498046875,71.510498046875,25654000
2020-01-16,71.99392700195312,72.58499908447266,72.59950256347656,72.0459976196289,72.37200164794922,23474000
2020-01-17,73.41675567626953,74.01950073242188,74.06475067138672,72.91100311279297,73.14550018310547,47924000
2020-01-21,73.6156234741211,74.22000122070312,74.59249877929688,73.55999755859375,73.95600128173828,40734000
2020-01-22,73.69248962402344,74.29750061035156,75.16069793701172,74.24649810791016,74.55000305175781,32216000
2020-01-23,73.72720336914062,74.3324966430664,74.7760009765625,74.1050033569336,74.38200378417969,27024000
2020-01-24,72.73833465576172,73.33550262451172,74.77474975585938,73.26249694824219,74.67949676513672,35692000
2020-01-27,71.11119079589844,71.69499969482422,71.90350341796875,71.05999755859375,71.55000305175781,35104000
2020-01-28,72.03658294677734,72.62799835205078,72.80000305175781,71.62349700927734,72.1500015258789,31548000
2020-01-29,72.33761596679688,72.93150329589844,73.27149963378906,72.33699798583984,72.94000244140625,21554000
2020-01-30,72.1992416381836,72.79199981689453,72.86399841308594,71.81999969482422,71.99800109863281,26788000
2020-01-31,71.12754821777344,71.71150207519531,73.50650024414062,71.42649841308594,73.44499969482422,48344000
2020-02-03,73.6919937133789,74.2969970703125,74.5,72.94950103759766,73.0999984741211,60736000
2020-02-04,71.76432037353516,72.35350036621094,73.4749984741211,71.31500244140625,72.85350036621094,78660000
2020-02-05,71.82184600830078,72.4114990234375,73.19200134277344,71.52799987792969,73.12100219726562,39724000
2020-02-06,73.21044158935547,73.8115005493164,74.0999984741211,72.47850036621094,72.5165023803711,33588000
2020-02-07,73.35922241210938,73.96150207519531,74.29199981689453,73.31749725341797,73.36499786376953,23446000
2020-02-10,74.81973266601562,75.43399810791016,75.4749984741211,73.71600341796875,73.71600341796875,28398000
2020-02-11,74.82518768310547,75.43949890136719,76.48149871826172,75.28189849853516,75.59049987792969,26892000
2020-02-12,75.29533386230469,75.91349792480469,76.03475189208984,75.40550231933594,75.7239990234375,23352000
2020-02-13,75.11630249023438,75.73300170898438,76.35900115966797,75.2300033569336,75.6344985961914,18590000
2020-02-14,75.41783142089844,76.03700256347656,76.03700256347656,75.36699676513672,75.77999877929688,23956000
2020-02-18,75.36476135253906,75.9834976196289,76.58149719238281,75.62950134277344,75.75,22414000
2020-02-19,75.71290588378906,76.33450317382812,76.60530090332031,76.06999969482422,76.25350189208984,18986000
2020-02-20,75.28938293457031,75.90750122070312,76.48200225830078,75.34100341796875,76.0999984741211,21932000
2020-02-21,73.65084075927734,74.25550079345703,75.61074829101562,74.02200317382812,75.40149688720703,34634000
2020-02-24,70.50067901611328,71.07949829101562,71.84850311279297,70.56950378417969,71.30549621582031,57342000
2020-02-25,68.85719299316406,69.42250061035156,71.90699768066406,69.12000274658203,71.6500015258789,49566000
2020-02-26,69.09176635742188,69.65899658203125,70.78500366210938,68.94999694824219,69.80699920654297,44048000
2020-02-27,65.36783599853516,65.90450286865234,68.58519744873047,65.8584976196289,68.10299682617188,59566000
2020-02-28,66.42118072509766,66.96649932861328,67.05699920654297,63.54999923706055,63.875,75782000
2020-03-02,68.88990783691406,69.45549774169922,69.54350280761719,66.34075164794922,67.58049774169922,48630000
2020-03-03,66.52334594726562,67.06950378417969,70.50749969482422,66.5999984741211,69.97100067138672,48046000
2020-03-04,68.761474609375,69.32599639892578,69.40450286865234,67.15550231933594,67.96150207519531,38266000
2020-03-05,65.4149398803711,65.9520034790039,67.94550323486328,65.25499725341797,67.51000213623047,51226000
2020-03-06,64.391845703125,64.92050170898438,65.31099700927734,63.0525016784668,63.85300064086914,53212000
2020-03-09,60.2830810546875,60.77799987792969,62.737998962402344,60.0,60.26499938964844,67308000
2020-03-10,63.49818801879883,64.01950073242188,64.05750274658203,60.938499450683594,63.0,52228000
2020-03-11,60.275638580322266,60.77050018310547,63.04800033569336,59.80350112915039,62.48500061035156,52170000
2020-03-12,55.29155349731445,55.74549865722656,59.69350051879883,55.665000915527344,56.29999923706055,84534000
2020-03-13,60.4898796081543,60.98649978637695,60.987998962402344,55.85715103149414,58.95000076293945,74002000
2020-03-16,53.77500915527344,54.21649932861328,57.61334991455078,53.72200012207031,54.79999923706055,85048000
2020-03-17,55.5340690612793,55.9900016784668,56.542999267578125,52.800498962402344,54.65549850463867,77230000
2020-03-18,54.393436431884766,54.84000015258789,55.32500076293945,51.86399841308594,52.82550048828125,84668000
2020-03-19,55.310401916503906,55.76449966430664,57.89849853515625,53.005401611328125,54.65250015258789,73022000
2020-03-20,53.179405212402344,53.61600112915039,57.199501037597656,53.27450180053711,56.7859992980957,72036000
2020-03-23,52.400794982910156,52.83100128173828,53.566001892089844,50.67679977416992,53.066001892089844,80882000
2020-03-24,56.26109313964844,56.722999572753906,56.75,54.53099822998047,55.188499450683594,66890000
2020-03-25,54.67562484741211,55.1245002746582,57.44499969482422,54.300498962402344,56.32350158691406,81630000
2020-03-26,57.6144905090332,58.087501525878906,58.49850082397461,54.67649841308594,55.59000015258789,71434000
2020-03-27,55.0832633972168,55.535499572753906,57.53350067138672,55.295501708984375,56.28350067138672,64170000
2020-03-30,56.87407302856445,57.340999603271484,57.58150100708008,54.82400131225586,56.25199890136719,51482000
2020-03-31,57.667057037353516,58.140499114990234,58.765499114990234,56.90700149536133,57.3650016784668,49728000
2020-04-01,54.830841064453125,55.28099822998047,56.484500885009766,54.872501373291016,56.099998474121094,46884000
2020-04-02,55.58564376831055,56.04199981689453,56.34299850463867,54.81999969482422,54.91299819946289,39298000
2020-04-03,54.44699478149414,54.89400100708008,56.176998138427734,53.990501403808594,55.950748443603516,46268000
2020-04-06,58.86274719238281,59.34600067138672,59.733001708984375,56.547000885009766,56.900001525878906,53294000
2020-04-07,58.8424072265625,59.32550048828125,61.25,59.11149978637695,61.04999923706055,47746000
2020-04-08,60.02123260498047,60.513999938964844,60.95349884033203,59.40800094604492,60.32500076293945,39502000
2020-04-09,60.07925033569336,60.5724983215332,61.278499603271484,59.83675003051758,61.20399856567383,43508000
2020-04-13,60.38226318359375,60.87799835205078,61.0255012512207,59.37990188598633,60.45899963378906,34796000
2020-04-14,62.944725036621094,63.46149826049805,64.10350036621094,61.846500396728516,62.25450134277344,49408000
2020-04-15,62.60947799682617,63.12350082397461,64.02300262451172,62.02000045776367,62.28049850463867,33434000
2020-04-16,62.65907287597656,63.173500061035156,63.95000076293945,62.13100051879883,63.70500183105469,50362000
2020-04-17,63.640018463134766,64.1624984741211,64.72149658203125,63.561500549316406,64.24250030517578,38980000
2020-04-20,62.814796447753906,63.330501556396484,64.08000183105469,63.06850051879883,63.54999923706055,33910000
2020-04-21,60.32175827026367,60.81700134277344,62.7135009765625,60.48550033569336,62.349998474121094,43060000
2020-04-22,62.646175384521484,63.160499572753906,64.28064727783203,62.099998474121094,62.277000427246094,41848000
2020-04-23,63.29584503173828,63.81549835205078,64.66549682617188,63.28350067138672,63.57749938964844,31324000
2020-04-24,63.44462585449219,63.96549987792969,64.0199966430664,62.47249984741211,63.05849838256836,32792000
2020-04-27,63.27452087402344,63.79399871826172,64.80750274658203,63.45000076293945,64.80000305175781,32012000
2020-04-28,61.18120193481445,61.68349838256836,64.40249633789062,61.61000061035156,64.39649963378906,59026000
2020-04-29,66.5278091430664,67.0739974975586,67.99949645996094,66.26699829101562,67.072998046875,75872000
2020-04-30,66.8838882446289,67.43299865722656,67.64099884033203,66.12449645996094,66.24400329589844,53378000
2020-05-01,65.49280548095703,66.03050231933594,67.60350036621094,65.55000305175781,66.42500305175781,41450000
2020-05-04,65.7997817993164,66.33999633789062,66.38300323486328,64.94999694824219,65.4114990234375,30080000
2020-05-05,67.00540161132812,67.55549621582031,68.6969985961914,66.87300109863281,66.89600372314453,33030000
2020-05-06,66.81643676757812,67.36499786376953,68.55599975585938,67.364501953125,68.08450317382812,24308000
2020-05-07,68.06915283203125,68.62799835205078,68.87999725341797,67.76349639892578,68.2969970703125,27952000
2020-05-08,68.85321807861328,69.41850280761719,69.93800354003906,68.77400207519531,69.15650177001953,27738000
2020-05-11,69.59165954589844,70.16300201416016,70.82649993896484,68.85759735107422,68.91400146484375,28242000
2020-05-12,68.22686004638672,68.78700256347656,70.75,68.7385025024414,70.35600280761719,27812000
2020-05-13,66.91710662841797,67.46649932861328,69.27410125732422,66.41999816894531,68.85250091552734,36252000
2020-05-14,67.25434875488281,67.80650329589844,67.87100219726562,66.19550323486328,66.7509994506836,32062000
2020-05-15,68.10039520263672,68.65950012207031,68.7239990234375,66.94999694824219,67.5,34154000
2020-05-18,68.63352966308594,69.1969985961914,69.61624908447266,67.7125015258789,68.0875015258789,36448000
2020-05-19,68.11502075195312,68.67424774169922,69.5999984741211,68.67424774169922,69.349853515625,25612000
2020-05-20,69.76325225830078,70.33599853515625,70.52100372314453,69.36250305175781,69.47899627685547,33108000
2020-05-21,69.56884002685547,70.13999938964844,70.77449798583984,69.67250061035156,70.4000015258789,27700000
2020-05-22,69.94673156738281,70.52100372314453,70.63800048828125,69.59149932861328,69.83550262451172,26188000
2020-05-26,70.27404022216797,70.85099792480469,72.05000305175781,70.60649871826172,71.8635025024414,41212000
2020-05-27,70.31471252441406,70.89199829101562,71.08699798583984,69.56449890136719,70.86250305175781,33716000
2020-05-28,70.25967407226562,70.83650207519531,72.04199981689453,69.80000305175781,69.84300231933594,33844000
2020-05-29,70.86421966552734,71.44599914550781,71.62850189208984,70.6675033569336,70.84700012207031,36418000
2020-06-01,71.00802612304688,71.59100341796875,71.89800262451172,70.9000015258789,70.91950225830078,24342000
2020-06-02,71.37501525878906,71.96099853515625,71.98049926757812,70.94149780273438,71.52749633789062,25562000
2020-06-03,71.23416900634766,71.81900024414062,72.32759857177734,71.48885345458984,71.91500091552734,25124000
2020-06-04,70.03401947021484,70.60900115966797,71.947998046875,70.23650360107422,71.5199966430664,29686000
2020-06-05,71.33385467529297,71.91950225830078,72.25250244140625,70.30000305175781,70.65850067138672,34698000
2020-06-08,71.74150848388672,72.33049774169922,72.39949798583984,71.11699676513672,71.11699676513672,28084000
2020-06-09,72.2151107788086,72.80799865722656,73.4000015258789,72.1604995727539,72.26799774169922,28184000
2020-06-10,72.69567108154297,73.2925033569336,73.71295166015625,72.8134994506836,72.97699737548828,30504000
2020-06-11,69.62041473388672,70.19200134277344,72.72374725341797,70.0999984741211,72.1240005493164,39826000
2020-06-12,70.0836181640625,70.65899658203125,71.8499984741211,69.3010025024414,71.42449951171875,38928000
2020-06-15,70.41439819335938,70.99250030517578,71.23999786376953,69.39600372314453,69.54000091552734,30078000
2020-06-16,71.548583984375,72.13600158691406,72.7509994506836,71.29499816894531,72.26100158691406,34184000
2020-06-17,71.9651870727539,72.55599975585938,73.0,71.56900024414062,72.35800170898438,30992000
2020-06-18,71.21333312988281,71.7979965209961,72.57050323486328,71.35050201416016,72.45800018310547,31638000
2020-06-19,71.00306701660156,71.58599853515625,72.38999938964844,71.06749725341797,72.19999694824219,63158000
2020-06-22,72.00187683105469,72.59300231933594,72.63749694824219,71.1604995727539,71.44999694824219,30848000
2020-06-23,72.62425994873047,73.22049713134766,73.79705047607422,72.26200103759766,72.78199768066406,28596000
2020-06-24,71.01547241210938,71.59850311279297,73.77100372314453,71.48750305175781,73.07550048828125,35120000
2020-06-25,71.47965240478516,72.06649780273438,72.1449966430664,71.0,71.49500274658203,24610000
2020-06-26,67.4413070678711,67.99500274658203,71.67250061035156,67.59950256347656,71.56950378417969,85354000
2020-06-29,69.18052673339844,69.74849700927734,69.77999877929688,67.35050201416016,67.90899658203125,36204000
2020-06-30,70.10494232177734,70.68049621582031,70.93250274658203,69.197998046875,69.52200317382812,40848000
2020-07-01,71.31649780273438,71.9020004272461,72.1500015258789,70.49099731445312,70.55500030517578,35504000
2020-07-02,72.63862609863281,73.23500061035156,74.14749908447266,72.32099914550781,72.34700012207031,37182000
2020-07-06,74.176025390625,74.78500366210938,75.32949829101562,73.64299774169922,74.00299835205078,31280000
2020-07-07,73.65428924560547,74.25900268554688,75.83999633789062,74.17749786376953,74.5,29164000
2020-07-08,74.1908950805664,74.80000305175781,75.29399871826172,74.28150177001953,74.71600341796875,24994000
2020-07-09,74.9343032836914,75.54949951171875,76.13600158691406,74.40425109863281,75.32250213623047,28466000
2020-07-10,76.45925903320312,77.08699798583984,77.19149780273438,74.8270034790039,75.30750274658203,37126000
2020-07-13,74.95164489746094,75.56700134277344,78.85659790039062,75.26215362548828,77.5,36928000
2020-07-14,75.4098892211914,76.02899932861328,76.14749908447266,74.17500305175781,74.5155029296875,31700000
2020-07-15,75.06571960449219,75.68199920654297,76.7665023803711,74.9000015258789,76.15650177001953,32214000
2020-07-16,75.28193664550781,75.9000015258789,75.93450164794922,74.31549835205078,75.0,30386000
2020-07-17,75.16044616699219,75.77749633789062,76.1719970703125,74.9209976196289,76.08100128173828,29134000
2020-07-20,77.64851379394531,78.28600311279297,78.5145034790039,75.18000030517578,75.76300048828125,31146000
2020-07-21,77.28648376464844,77.9209976196289,79.34950256347656,77.71399688720703,79.34950256347656,24324000
2020-07-22,77.78588104248047,78.42449951171875,78.5,77.30500030517578,78.0250015258789,18640000
2020-07-23,75.16688537597656,75.78399658203125,78.59349822998047,75.36959838867188,78.34850311279297,32552000
2020-07-24,74.97794342041016,75.59349822998047,75.88179779052734,74.41999816894531,74.94650268554688,30880000
2020-07-27,75.886962890625,76.51000213623047,77.04850006103516,75.760498046875,75.77999877929688,24920000
2020-07-28,74.40613555908203,75.01699829101562,76.3239974975586,74.88300323486328,76.25900268554688,34044000
2020-07-29,75.48130798339844,76.10099792480469,76.5625991821289,75.06649780273438,75.31600189208984,22130000
2020-07-30,75.94898223876953,76.57250213623047,76.89350128173828,74.61100006103516,74.8499984741211,33428000
2020-07-31,73.5442123413086,74.14800262451172,75.44750213623047,72.70149993896484,75.25050354003906,68798000
2020-08-03,73.12217712402344,73.72250366210938,74.52349853515625,73.28199768066406,74.33200073242188,46604000
2020-08-04,72.65202331542969,73.24849700927734,74.27799987792969,72.93250274658203,73.82849884033203,38070000
2020-08-05,73.08050537109375,73.68049621582031,74.12049865722656,73.1729965209961,73.46499633789062,39590000
2020-08-06,74.39422607421875,75.00499725341797,75.11949920654297,73.30000305175781,73.5875015258789,39908000
2020-08-07,74.11601257324219,74.72450256347656,75.84224700927734,74.08200073242188,75.0,31556000
2020-08-10,74.19585418701172,74.80500030517578,75.20375061035156,73.65399932861328,74.35900115966797,25786000
2020-08-11,73.41327667236328,74.01599884033203,75.5,73.9000015258789,74.62200164794922,29088000
2020-08-12,74.71757507324219,75.33100128173828,75.61930084228516,74.26249694824219,74.27899932861328,28740000
2020-08-13,75.30425262451172,75.92250061035156,76.86250305175781,75.40025329589844,75.51699829101562,29104000
2020-08-14,74.77262115478516,75.3864974975586,76.09500122070312,75.14399719238281,75.78299713134766,27096000
2020-08-17,75.28095245361328,75.89900207519531,76.28050231933594,75.39849853515625,75.7334976196289,27566000
2020-08-18,77.29541015625,77.93000030517578,78.12349700927734,76.18550109863281,76.30899810791016,40542000
2020-08-19,76.74641418457031,77.37650299072266,78.68399810791016,77.19750213623047,77.66549682617188,33212000
2020-08-20,78.44348907470703,79.0875015258789,79.29350280761719,76.91000366210938,77.17250061035156,34138000
2020-08-21,78.37753295898438,79.02100372314453,79.88600158691406,78.40025329589844,78.85150146484375,28930000
2020-08-24,78.76336669921875,79.41000366210938,80.70850372314453,79.02850341796875,79.6989974975586,28198000
2020-08-25,79.75621032714844,80.41100311279297,80.58100128173828,79.10350036621094,79.10350036621094,44942000
2020-08-26,81.94622039794922,82.61900329589844,82.96099853515625,80.18000030517578,80.4000015258789,79868000
2020-08-27,81.05107116699219,81.71649932861328,82.75,81.2874984741211,82.68399810791016,37232000
2020-08-28,81.55096435546875,82.22049713134766,82.3584976196289,81.5374984741211,81.67449951171875,29980000
2020-08-31,81.04362487792969,81.70899963378906,82.39824676513672,81.5155029296875,82.39450073242188,36468000
2020-09-01,82.35933685302734,83.0354995727539,83.2864990234375,81.61100006103516,81.83149719238281,36506000
2020-09-02,85.7103271484375,86.41400146484375,86.65899658203125,83.31649780273438,83.68875122070312,50224000
2020-09-03,81.42351531982422,82.09200286865234,85.48570251464844,80.75299835205078,85.48570251464844,62156000
2020-09-04,78.9041976928711,79.552001953125,82.25550079345703,77.38065338134766,81.21299743652344,52172000
2020-09-08,75.99557495117188,76.61949920654297,78.19325256347656,76.40049743652344,76.67549896240234,52218000
2020-09-09,77.21407318115234,77.8479995727539,78.44999694824219,76.80255126953125,77.87650299072266,35494000
2020-09-10,75.97723388671875,76.60099792480469,79.20404815673828,76.29025268554688,78.03199768066406,32372000
2020-09-11,75.41683197021484,76.03600311279297,78.76000213623047,74.86799621582031,76.80000305175781,31942000
2020-09-14,75.34542083740234,75.96399688720703,78.19999694824219,75.78700256347656,76.95024871826172,33932000
2020-09-15,76.44438934326172,77.0719985961914,77.97850036621094,76.59175109863281,76.80000305175781,26622000
2020-09-16,75.42575073242188,76.04499816894531,78.0999984741211,75.99099731445312,77.7770004272461,26234000
2020-09-17,74.1675796508789,74.77649688720703,75.41490173339844,73.5,74.80000305175781,37596000
2020-09-18,72.40505981445312,72.99949645996094,75.150146484375,71.85649871826172,74.90049743652344,62078000
2020-09-21,70.97529602050781,71.55799865722656,72.41799926757812,70.32749938964844,72.00299835205078,57776000
2020-09-22,72.67633819580078,73.27300262451172,73.47599792480469,71.72650146484375,72.50450134277344,31664000
2020-09-23,70.18428802490234,70.760498046875,73.0479965209961,70.38500213623047,72.93900299072266,33148000
2020-09-24,70.83295440673828,71.41449737548828,72.1854476928711,70.49250030517578,70.55149841308594,29004000
2020-09-25,71.65967559814453,72.24800109863281,72.5,70.66699981689453,71.63150024414062,26460000
2020-09-28,72.62972259521484,73.22599792480469,73.83999633789062,72.46504974365234,73.71050262451172,40158000
2020-09-29,72.8682632446289,73.46649932861328,73.8331527709961,72.94024658203125,73.51950073242188,19564000
2020-09-30,72.88164520263672,73.4800033569336,74.48750305175781,72.99400329589844,73.33999633789062,34032000
2020-10-01,73.89781951904297,74.50450134277344,74.9520034790039,73.96050262451172,74.2135009765625,35590000
2020-10-02,72.32719421386719,72.9209976196289,74.16000366210938,72.5459976196289,73.10150146484375,25682000
2020-10-05,73.69596099853516,74.3010025024414,74.4104995727539,73.2135009765625,73.31050109863281,22266000
2020-10-06,72.08021545410156,72.6719970703125,74.33799743652344,72.42949676513672,73.77899932861328,24908000
2020-10-07,72.41992950439453,73.0145034790039,73.447998046875,71.80000305175781,73.2145004272461,34924000
2020-10-08,73.6915054321289,74.29650115966797,74.5,73.25450134277344,73.25450134277344,23756000
2020-10-09,75.1440658569336,75.76100158691406,75.82599639892578,74.47250366210938,74.73500061035156,28706000
2020-10-12,77.81861114501953,78.4574966430664,79.69300079345703,76.62850189208984,77.1500015258789,49652000
2020-10-13,77.94408416748047,78.58399963378906,79.5,78.16000366210938,79.1865005493164,32020000
2020-10-14,77.76554870605469,78.40399932861328,79.38420104980469,77.52649688720703,78.92949676513672,38586000
2020-10-15,77.32170104980469,77.95649719238281,78.7552490234375,77.25150299072266,77.35749816894531,30800000
2020-10-16,78.01004791259766,78.65049743652344,79.05650329589844,78.1500015258789,78.2925033569336,28694000
2020-10-19,76.10567474365234,76.73049926757812,79.40750122070312,76.4000015258789,79.02300262451172,32142000
2020-10-20,77.16299438476562,77.79650115966797,78.875,76.28350067138672,76.35250091552734,44834000
2020-10-21,79.01678466796875,79.66549682617188,80.9365005493164,78.58149719238281,78.66649627685547,51366000
2020-10-22,80.10881805419922,80.7665023803711,81.09950256347656,79.25,79.65249633789062,28672000
2020-10-23,81.38186645507812,82.05000305175781,82.11799621582031,81.02549743652344,81.30349731445312,27516000
2020-10-26,78.87493896484375,79.52249908447266,81.91200256347656,78.82499694824219,81.25050354003906,37066000
2020-10-27,79.559814453125,80.21299743652344,80.34224700927734,79.13899993896484,79.78350067138672,24580000
2020-10-28,75.2135009765625,75.83100128173828,78.06749725341797,75.73100280761719,77.98699951171875,36680000
2020-10-29,77.7238998413086,78.36199951171875,79.68550109863281,76.11199951171875,76.11799621582031,40062000
2020-10-30,80.39048767089844,81.05049896240234,84.3499984741211,80.2229995727539,83.60549926757812,86582000
2020-11-02,80.63945007324219,81.30149841308594,83.03849792480469,80.80149841308594,81.40799713134766,50708000
2020-11-03,81.83860778808594,82.510498046875,83.08499908447266,80.83100128173828,81.58899688720703,33234000
2020-11-04,86.74433135986328,87.45649719238281,88.56825256347656,85.30149841308594,85.51399993896484,71418000
2020-11-05,87.4505386352539,88.16850280761719,89.68199920654297,87.52549743652344,89.05000305175781,41316000
2020-11-06,87.37018585205078,88.0875015258789,88.62149810791016,87.01750183105469,87.69750213623047,33218000
2020-11-09,87.43218231201172,88.1500015258789,90.90299987792969,88.0009994506836,89.54499816894531,45366000
2020-11-10,86.3108901977539,87.01950073242188,88.1500015258789,85.86499786376953,86.55449676513672,52722000
2020-11-11,86.921875,87.635498046875,88.21099853515625,87.36824798583984,87.5,25280000
2020-11-12,86.77954864501953,87.49199676513672,88.41349792480469,87.27999877929688,87.38150024414062,24950000
2020-11-13,88.12749481201172,88.85099792480469,89.052001953125,87.22750091552734,87.88150024414062,29998000
2020-11-16,88.34369659423828,89.06900024414062,89.95349884033203,88.3844985961914,88.58499908447266,24936000
2020-11-17,87.78678894042969,88.50749969482422,89.25,88.3499984741211,88.84700012207031,22942000
2020-11-18,86.62779235839844,87.33899688720703,88.67350006103516,87.30699920654297,88.2614974975586,23470000
2020-11-19,87.4778060913086,88.19599914550781,88.47949981689453,86.85025024414062,86.91899871826172,24998000
2020-11-20,86.40016174316406,87.1094970703125,88.69999694824219,87.09300231933594,88.260498046875,46270000
2020-11-23,86.03663635253906,86.74299621582031,87.69499969482422,85.88600158691406,87.4800033569336,43232000
2020-11-24,87.72378540039062,88.44400024414062,88.58000183105469,86.3844985961914,86.5250015258789,31560000
2020-11-25,87.85025024414062,88.57150268554688,88.927001953125,87.8270034790039,88.64450073242188,20916000
2020-11-27,88.92939758300781,89.65950012207031,90.19999694824219,88.62200164794922,88.65450286865234,17698000
2020-11-30,87.32012176513672,88.03700256347656,89.40325164794922,87.75,89.05919647216797,36476000
2020-12-01,89.17288970947266,89.90499877929688,91.24150085449219,88.46849822998047,88.71849822998047,34738000
2020-12-02,90.65324401855469,91.39749908447266,91.78250122070312,89.47364807128906,89.90499877929688,24440000
2020-12-03,90.5947265625,91.3385009765625,92.36000061035156,91.13249969482422,91.20050048828125,24546000
2020-12-04,90.65521240234375,91.39949798583984,91.65799713134766,90.84950256347656,91.22599792480469,27564000
2020-12-07,90.23320007324219,90.9739990234375,91.61849975585938,90.28900146484375,90.94999694824219,26418000
2020-12-08,90.18706512451172,90.92749786376953,91.09500122070312,89.81024932861328,90.50499725341797,21926000
2020-12-09,88.48007202148438,89.20649719238281,91.7135009765625,88.3905029296875,90.60050201416016,30152000
2020-12-10,88.04366302490234,88.7665023803711,89.06549835205078,87.01599884033203,88.48999786376953,27256000
2020-12-11,88.363037109375,89.0885009765625,89.22250366210938,88.0,88.15299987792969,24414000
2020-12-14,87.28638458251953,88.00299835205078,89.86949920654297,87.86074829101562,88.75,32004000
2020-12-15,87.66874694824219,88.38849639892578,88.57099914550781,87.49749755859375,88.22100067138672,29646000
2020-12-16,87.43218231201172,88.1500015258789,88.6500015258789,87.80400085449219,88.64399719238281,30270000
2020-12-17,86.6833267211914,87.3949966430664,88.58920288085938,86.93299865722656,88.42549896240234,32494000
2020-12-18,85.84571075439453,86.55049896240234,87.75550079345703,86.01100158691406,87.70899963378906,80328000
2020-12-21,86.26030731201172,86.96849822998047,87.0425033569336,84.94999694824219,85.67549896240234,36568000
2020-12-22,85.47327423095703,86.17500305175781,86.87024688720703,85.62875366210938,86.72149658203125,18734000
2020-12-23,85.91365051269531,86.61900329589844,87.39949798583984,86.25199890136719,86.40550231933594,20676000
2020-12-24,86.2345199584961,86.94249725341797,87.30000305175781,86.45549774169922,86.75,6936000
2020-12-28,88.08136749267578,88.80449676513672,89.5363998413086,87.3167495727539,87.58174896240234,27860000
2020-12-29,87.21993255615234,87.93599700927734,89.62200164794922,87.80449676513672,89.3895034790039,25988000
2020-12-30,86.26774597167969,86.97599792480469,88.25475311279297,86.27999877929688,88.10050201416016,26122000
2020-12-31,86.88072967529297,87.59400177001953,87.94650268554688,86.77100372314453,86.77100372314453,20238000
2021-01-04,85.7083511352539,86.41200256347656,88.03250122070312,85.39250183105469,87.87699890136719,38038000
2021-01-05,86.3371810913086,87.0459976196289,87.38349914550781,85.90074920654297,86.25,22906000
2021-01-06,86.05797576904297,86.7645034790039,87.4000015258789,84.94999694824219,85.13150024414062,52042000
2021-01-07,88.63481903076172,89.36250305175781,89.41999816894531,86.85250091552734,87.00299835205078,45300000
2021-01-08,89.62468719482422,90.3604965209961,90.49199676513672,88.67675018310547,89.39900207519531,41012000
2021-01-11,87.61666107177734,88.33599853515625,89.71575164794922,88.0260009765625,89.30349731445312,24194000
2021-01-12,86.61638641357422,87.32749938964844,88.9020004272461,86.2655029296875,87.69599914550781,27140000
2021-01-13,87.00569152832031,87.72000122070312,88.25174713134766,86.90049743652344,86.92900085449219,21882000
2021-01-14,86.30048370361328,87.00900268554688,88.75050354003906,86.66999816894531,87.68099975585938,23590000
2021-01-15,86.10260772705078,86.80950164794922,87.80000305175781,86.07749938964844,86.90950012207031,26844000
2021-01-19,88.81385040283203,89.54299926757812,90.46375274658203,87.072998046875,87.61250305175781,34692000
2021-01-20,93.57675170898438,94.34500122070312,95.18550109863281,91.27649688720703,91.572998046875,49806000
2021-01-21,93.79248046875,94.5625,96.74299621582031,94.35549926757812,94.9000015258789,41278000
2021-01-22,94.27848815917969,95.05249786376953,95.54750061035156,94.08799743652344,94.78399658203125,25442000
2021-01-25,94.1966552734375,94.97000122070312,96.47899627685547,93.37650299072266,96.03350067138672,38546000
2021-01-26,95.08137512207031,95.86199951171875,96.25,94.21224975585938,94.44200134277344,26262000
2021-01-27,90.79408264160156,91.53949737548828,94.5,90.44999694824219,94.12650299072266,54966000
2021-01-28,92.39693450927734,93.15550231933594,94.94149780273438,92.13200378417969,92.1969985961914,35462000
2021-01-29,91.0395736694336,91.78700256347656,92.86399841308594,90.51000213623047,92.30850219726562,32252000
2021-02-01,94.2933578491211,95.06749725341797,96.11959838867188,92.54650115966797,92.67849731445312,32044000
2021-02-02,95.59070587158203,96.37550354003906,97.78800201416016,95.72450256347656,96.12799835205078,45474000
2021-02-03,102.66065979003906,103.50350189208984,105.82499694824219,100.91899871826172,103.6500015258789,82364000
2021-02-04,102.27880096435547,103.11849975585938,103.92749786376953,102.12950134277344,103.44450378417969,37046000
2021-02-05,104.04578399658203,104.9000015258789,105.12550354003906,102.96649932861328,103.5,30702000
2021-02-08,103.79336547851562,104.64550018310547,106.17735290527344,103.5999984741211,105.29550170898438,24838000
2021-02-09,103.32719421386719,104.17549896240234,105.25650024414062,103.927001953125,103.927001953125,17798000
2021-02-10,103.91586303710938,104.76899719238281,105.41850280761719,103.15450286865234,104.71050262451172,22710000
2021-02-11,103.941162109375,104.79450225830078,105.10150146484375,103.86599731445312,104.97550201416016,18914000
2021-02-12,104.34880065917969,105.20549774169922,105.44100189208984,104.15650177001953,104.51249694824219,17114000
2021-02-16,105.2310562133789,106.09500122070312,107.63400268554688,105.21800231933594,105.21800231933594,22676000
2021-02-17,105.5489501953125,106.41549682617188,106.68299865722656,104.94599914550781,105.0,21418000
2021-02-18,104.99797058105469,105.86000061035156,106.63674926757812,105.18550109863281,105.51950073242188,22432000
2021-02-19,104.20150756835938,105.05699920654297,106.52649688720703,104.87049865722656,105.9635009765625,29148000
2021-02-22,102.40328216552734,103.24400329589844,104.57099914550781,103.10700225830078,103.3499984741211,27350000
2021-02-23,102.69983673095703,103.54299926757812,104.10050201416016,100.10099792480469,101.25050354003906,33348000
2021-02-24,103.90544128417969,104.75849914550781,105.03900146484375,101.90650177001953,102.09149932861328,24966000
2021-02-25,100.74092102050781,101.56800079345703,104.74400329589844,101.06449890136719,103.37249755859375,36568000
2021-02-26,101.01368713378906,101.84300231933594,103.55049896240234,100.8030014038086,102.5260009765625,41670000
2021-03-01,103.2280044555664,104.07550048828125,104.32599639892578,102.30500030517578,102.82599639892578,28090000
2021-03-02,102.94680786132812,103.79199981689453,105.21849822998047,103.56300354003906,103.80950164794922,22692000
2021-03-03,100.51032257080078,101.33550262451172,104.4259033203125,100.5,103.3604965209961,29684000
2021-03-04,101.62020111083984,102.45449829101562,104.46199798583984,101.01349639892578,101.16850280761719,42360000
2021-03-05,104.56851196289062,105.427001953125,105.90550231933594,102.32074737548828,103.65599822998047,43904000
2021-03-08,100.38434600830078,101.20850372314453,106.44049835205078,101.08049774169922,105.05650329589844,32948000
2021-03-09,101.79922485351562,102.63500213623047,103.9020004272461,102.3915023803711,103.5,33946000
2021-03-10,101.91478729248047,102.75150299072266,103.75,101.66850280761719,103.58799743652344,25372000
2021-03-11,104.8774642944336,105.7385025024414,106.28500366210938,103.61900329589844,103.7030029296875,24782000
2021-03-12,102.25648498535156,103.09600067138672,104.51300048828125,102.37750244140625,104.25,34516000
2021-03-15,102.48312377929688,103.32450103759766,103.35299682617188,102.17549896240234,103.11499786376953,25962000
2021-03-16,103.7740249633789,104.6259994506836,106.1780014038086,103.5,103.94950103759766,29832000
2021-03-17,103.7026138305664,104.55400085449219,105.48899841308594,102.69999694824219,103.80149841308594,25980000
2021-03-18,100.98194122314453,101.81099700927734,103.7750015258789,101.67749786376953,103.05000305175781,27228000
2021-03-19,101.3281021118164,102.16000366210938,102.65499877929688,100.88400268554688,102.10250091552734,46298000
2021-03-22,101.09947204589844,101.92949676513672,102.89949798583984,101.30349731445312,102.09200286865234,39096000
2021-03-23,101.81212615966797,102.64800262451172,103.61509704589844,101.96099853515625,102.58499908447266,27340000
2021-03-24,101.42034149169922,102.25299835205078,103.9104995727539,102.07775115966797,103.26850128173828,23080000
2021-03-25,101.3856201171875,102.21800231933594,102.94349670410156,100.5364990234375,102.2405014038086,28378000
2021-03-26,100.94871520996094,101.77749633789062,102.54949951171875,100.70099639892578,101.94300079345703,29870000
2021-03-29,101.96041107177734,102.79750061035156,102.92150115966797,100.78099822998047,101.39399719238281,24596000
2021-03-30,101.9400634765625,102.7770004272461,103.53900146484375,102.20149993896484,102.88150024414062,20732000
2021-03-31,102.5892562866211,103.43150329589844,104.66635131835938,102.83724975585938,102.95600128173828,29198000
2021-04-01,106.01710510253906,106.88749694824219,107.14700317382812,104.84449768066406,104.89749908447266,33980000
2021-04-05,110.37135314941406,111.27749633789062,111.8655014038086,107.58100128173828,107.64700317382812,43298000
2021-04-06,110.3316879272461,111.23750305175781,111.88300323486328,110.73999786376953,111.125,27060000
2021-04-07,111.56803894042969,112.48400115966797,112.75,111.2665023803711,111.30650329589844,25798000
2021-04-08,112.34961700439453,113.27200317382812,114.20024871826172,112.88400268554688,113.89800262451172,27166000
2021-04-09,113.36328887939453,114.29399871826172,114.4520034790039,112.68569946289062,112.83499908447266,20888000
2021-04-12,111.82145690917969,112.739501953125,113.76599884033203,111.92324829101562,113.3125,31318000
2021-04-13,112.44037628173828,113.3635025024414,113.8604965209961,112.80449676513672,113.07350158691406,23310000
2021-04-14,111.82392120361328,112.74199676513672,113.89949798583984,112.45950317382812,113.75800323486328,20220000
2021-04-15,113.89791107177734,114.83300018310547,115.32984924316406,113.30000305175781,113.8489990234375,27472000
2021-04-16,113.95246124267578,114.88800048828125,115.3219985961914,114.22250366210938,115.1500015258789,22596000
2021-04-19,114.18257141113281,115.12000274658203,115.92250061035156,114.39225006103516,114.5989990234375,24688000
2021-04-20,113.7476577758789,114.68150329589844,115.4800033569336,113.58550262451172,115.39450073242188,21774000
2021-04-21,113.73077392578125,114.66449737548828,114.76599884033203,112.92849731445312,114.26249694824219,23930000
2021-04-22,112.47261810302734,113.39600372314453,115.18810272216797,112.82250213623047,114.6614990234375,21096000
2021-04-23,114.82230377197266,115.76499938964844,116.29100036621094,113.9104995727539,114.17350006103516,28670000
2021-04-26,115.38965606689453,116.33699798583984,117.06300354003906,115.69200134277344,115.99649810791016,20834000
2021-04-27,114.4166488647461,115.35600280761719,116.87249755859375,115.2135009765625,116.80000305175781,31972000
2021-04-28,118.0265121459961,118.99549865722656,122.618896484375,118.74250030517578,120.35724639892578,59728000
2021-04-29,120.5051498413086,121.49449920654297,121.82599639892578,120.11399841308594,120.5165023803711,39554000
2021-04-30,119.52471160888672,120.50599670410156,121.35700225830078,120.10800170898438,120.22450256347656,39142000
2021-05-03,118.7833023071289,119.75849914550781,120.98500061035156,119.2249984741211,120.13600158691406,33788000
2021-05-04,116.75396728515625,117.7125015258789,118.96299743652344,115.58499908447266,118.48699951171875,35120000
2021-05-05,116.87744140625,117.83699798583984,119.11000061035156,117.57050323486328,118.4209976196289,21806000
2021-05-06,118.09793090820312,119.06749725341797,119.135498046875,117.11689758300781,117.53199768066406,20618000
2021-05-07,118.9578628540039,119.93450164794922,120.82050323486328,119.5,120.0,23272000
2021-05-10,116.12958526611328,117.08300018310547,118.9000015258789,116.73650360107422,118.74449920654297,26006000
2021-05-11,114.49798583984375,115.43800354003906,116.0999984741211,114.1500015258789,114.59300231933594,32110000
2021-05-12,111.04235076904297,111.9540023803711,114.26850128173828,111.50250244140625,113.08550262451172,34934000
2021-05-13,112.17752838134766,113.09850311279297,113.83004760742188,112.13600158691406,113.05449676513672,26670000
2021-05-14,114.86495208740234,115.80799865722656,116.05699920654297,114.16600036621094,114.59149932861328,26624000
2021-05-17,115.12532806396484,116.07050323486328,116.16699981689453,114.75,115.46600341796875,19842000
2021-05-18,114.23365783691406,115.17150115966797,117.15750122070312,115.15799713134766,116.84529876708984,17302000
2021-05-19,114.4955062866211,115.43550109863281,115.83799743652344,113.1760025024414,113.22000122070312,19350000
2021-05-20,116.84520721435547,117.80449676513672,118.01699829101562,116.05449676513672,116.4020004272461,23832000
2021-05-21,116.3001708984375,117.25499725341797,118.44999694824219,117.11849975585938,118.29949951171875,22832000
2021-05-24,119.35363006591797,120.33350372314453,120.92400360107422,118.00550079345703,118.3499984741211,21244000
2021-05-25,119.47264099121094,120.45349884033203,121.64450073242188,120.14949798583984,121.0,18838000
2021-05-26,120.6856689453125,121.67649841308594,122.14720153808594,120.62574768066406,120.6417465209961,21856000
2021-05-27,119.1473159790039,120.12550354003906,122.0,120.0999984741211,121.84700012207031,38962000
2021-05-28,119.59612274169922,120.5780029296875,121.40699768066406,120.3844985961914,121.0979995727539,24108000
2021-06-01,120.5011978149414,121.4905014038086,121.89855194091797,120.24400329589844,121.0999984741211,19166000
2021-06-02,120.07817077636719,121.06400299072266,122.0999984741211,120.20999908447266,121.7655029296875,17158000
2021-06-03,119.25145721435547,120.23049926757812,120.48725128173828,119.1415023803711,119.7509994506836,18346000
2021-06-04,121.58975219726562,122.58799743652344,122.69294738769531,120.88849639892578,121.1259994506836,25948000
2021-06-07,122.30040740966797,123.30449676513672,123.4000015258789,122.05364990234375,122.56600189208984,23850000
2021-06-08,123.13159942626953,124.14250183105469,124.72474670410156,123.41200256347656,123.99500274658203,25060000
2021-06-09,123.55561065673828,124.56999969482422,125.25,124.36650085449219,124.9749984741211,20126000
2021-06-10,125.0533218383789,126.08000183105469,126.16300201416016,124.69999694824219,124.70050048828125,31234000
2021-06-11,124.67293548583984,125.69650268554688,126.34950256347656,124.91449737548828,126.24600219726562,25240000
2021-06-14,125.32310485839844,126.35199737548828,126.4114990234375,125.0469970703125,125.66950225830078,22550000
2021-06-15,125.00669860839844,126.03299713134766,126.86199951171875,125.64849853515625,126.52200317382812,22182000
2021-06-16,124.67293548583984,125.69650268554688,126.52349853515625,124.14994812011719,126.24749755859375,26316000
2021-06-17,125.34194946289062,126.37100219726562,127.19650268554688,125.51499938964844,125.52300262451172,25756000
2021-06-18,124.54498291015625,125.56749725341797,126.38899993896484,124.60299682617188,125.70549774169922,53306000
2021-06-21,125.42527770996094,126.45500183105469,127.03675079345703,125.13424682617188,125.73999786376953,26256000
2021-06-22,125.96533966064453,126.99949645996094,127.2699966430664,126.02649688720703,126.44999694824219,20984000
2021-06-23,125.43172454833984,126.46150207519531,127.7959976196289,126.25199890136719,126.55000305175781,19694000
2021-06-24,126.24552917480469,127.28199768066406,127.5354995727539,126.95999908447266,127.05349731445312,18934000
2021-06-25,125.96086883544922,126.99500274658203,127.50499725341797,126.44400024414062,126.95700073242188,33484000
2021-06-28,125.78680419921875,126.81950378417969,127.33699798583984,125.97380065917969,127.0,28110000
2021-06-29,124.99232482910156,126.01850128173828,127.0,125.43699645996094,126.77249908447266,20950000
2021-06-30,124.29554748535156,125.31600189208984,125.80000305175781,124.75749969482422,125.65354919433594,24006000
2021-07-01,125.33946990966797,126.36849975585938,126.4625015258789,124.84974670410156,124.84974670410156,17120000
2021-07-02,127.67082214355469,128.718994140625,128.84800720214844,126.76899719238281,126.8395004272461,21160000
2021-07-06,128.71424865722656,129.77099609375,129.88450622558594,128.40899658203125,129.44949340820312,21350000
2021-07-07,129.0182647705078,130.07749938964844,130.639892578125,129.75999450683594,130.34100341796875,16680000
2021-07-08,128.12510681152344,129.177001953125,130.03250122070312,128.0399932861328,128.25,19780000
2021-07-09,128.5193634033203,129.57449340820312,129.84950256347656,128.94349670410156,128.9445037841797,15106000
2021-07-12,129.50082397460938,130.56399536132812,130.77000427246094,129.60000610351562,129.83349609375,16944000
2021-07-13,129.92782592773438,130.9945068359375,132.04200744628906,130.63699340820312,130.88150024414062,16618000
2021-07-14,131.00694274902344,132.08250427246094,132.99600219726562,131.8979949951172,131.90150451660156,17912000
2021-07-15,130.1975555419922,131.26649475097656,132.59500122070312,130.59800720214844,132.5,16586000
2021-07-16,130.77186584472656,131.8455047607422,132.18299865722656,130.82150268554688,131.64100646972656,14856000
2021-07-19,128.2014617919922,129.25399780273438,131.2469940185547,128.53700256347656,131.15550231933594,25710000
2021-07-20,130.033935546875,131.10150146484375,132.0013427734375,129.1884002685547,130.00399780273438,19084000
2021-07-21,131.5207061767578,132.60049438476562,132.61724853515625,130.60150146484375,130.78700256347656,14742000
2021-07-22,132.2427978515625,133.32850646972656,133.50450134277344,132.39999389648438,132.64999389648438,13608000
2021-07-23,136.69374084472656,137.8159942626953,138.80850219726562,134.70050048828125,135.25999450683594,26378000
2021-07-26,138.5073699951172,139.64450073242188,139.71299743652344,137.6510009765625,138.25,23052000
2021-07-27,135.6825408935547,136.79649353027344,140.01100158691406,135.10000610351562,140.01100158691406,42164000
2021-07-28,135.27093505859375,136.38150024414062,139.67599487304688,136.35000610351562,138.56199645996094,54688000
2021-07-29,135.4286346435547,136.54049682617188,137.15150451660156,136.13800048828125,136.38059997558594,19284000
2021-07-30,134.11988830566406,135.2209930419922,135.77134704589844,134.81419372558594,135.51100158691406,23954000
2021-08-02,134.8821258544922,135.989501953125,136.02049255371094,134.66949462890625,135.4844970703125,20140000
2021-08-03,135.17025756835938,136.27999877929688,136.3354949951172,134.18350219726562,136.0,19064000
2021-08-04,134.9208221435547,136.02850341796875,136.53799438476562,135.4149932861328,136.24949645996094,16528000
2021-08-05,135.8249053955078,136.94000244140625,136.9499969482422,135.60000610351562,136.02850341796875,11866000
2021-08-06,135.9200897216797,137.03599548339844,137.08004760742188,136.04649353027344,136.2949981689453,13560000
2021-08-09,136.8782196044922,138.0019989013672,138.32150268554688,136.4287567138672,136.94900512695312,12374000
2021-08-10,136.9719696044922,138.09649658203125,138.55149841308594,137.22650146484375,138.07949829101562,16034000
2021-08-11,136.5682830810547,137.6894989013672,138.84774780273438,137.35000610351562,138.2830047607422,15204000
2021-08-12,137.2625732421875,138.38949584960938,138.41799926757812,136.7790069580078,137.71299743652344,14646000
2021-08-13,137.2789764404297,138.406005859375,138.6739959716797,138.0050048828125,138.3574981689453,12580000
2021-08-16,137.78480529785156,138.91600036621094,138.99049377441406,136.16575622558594,138.0,18040000
2021-08-17,136.1824493408203,137.30050659179688,138.718505859375,136.78750610351562,138.1909942626953,21272000
2021-08-18,135.45790100097656,136.57000732421875,138.29400634765625,136.42100524902344,137.11549377441406,14934000
2021-08-19,135.79861450195312,136.9134979248047,137.45199584960938,135.3560028076172,135.46749877929688,18296000
2021-08-20,137.3096923828125,138.43699645996094,138.614501953125,136.4669952392578,137.08299255371094,15564000
2021-08-23,139.9505157470703,141.09950256347656,142.177001953125,138.74795532226562,138.99850463867188,21090000
2021-08-24,141.23892211914062,142.39849853515625,143.00750732421875,141.35350036621094,141.5435028076172,15126000
2021-08-25,141.7859344482422,142.9499969482422,143.31300354003906,142.4394989013672,142.88299560546875,12838000
2021-08-26,140.9656982421875,142.1230010986328,143.13479614257812,142.0915069580078,142.61849975585938,14922000
2021-08-27,143.37339782714844,144.55050659179688,145.01100158691406,142.02000427246094,142.1125030517578,24562000
2021-08-30,144.28494262695312,145.46949768066406,146.489501953125,144.60000610351562,144.70449829101562,16916000
2021-08-31,144.27748107910156,145.46200561523438,146.11199951171875,145.0,145.88450622558594,26756000
2021-09-01,144.65438842773438,145.8419952392578,146.82049560546875,145.614501953125,145.64999389648438,15824000
2021-09-02,143.04461669921875,144.218994140625,146.3249969482422,144.10650634765625,145.94949340820312,21844000
2021-09-03,143.59608459472656,144.77499389648438,145.3769989013672,143.5050048828125,144.14599609375,19104000
2021-09-07,144.3340301513672,145.5189971923828,145.82400512695312,144.54100036621094,144.74949645996094,15170000
2021-09-08,143.70370483398438,144.8834991455078,145.55099487304688,144.1999969482422,145.39349365234375,15486000
2021-09-09,143.7334442138672,144.9134979248047,145.66949462890625,144.4340057373047,144.8834991455078,14798000
2021-09-10,140.76531982421875,141.92100524902344,146.0189971923828,141.7415008544922,145.44349670410156,32896000
2021-09-13,142.29673767089844,143.46499633789062,144.1909942626953,142.28250122070312,143.2010040283203,20176000
2021-09-14,142.2382354736328,143.406005859375,144.7274932861328,142.90550231933594,144.16099548339844,18916000
2021-09-15,144.02357482910156,145.20599365234375,145.5814971923828,142.25599670410156,143.75900268554688,20648000
2021-09-16,143.19784545898438,144.37350463867188,145.1999969482422,143.41635131835938,145.12100219726562,20292000
2021-09-17,140.3115692138672,141.4635009765625,144.24949645996094,141.06149291992188,143.79849243164062,60040000
2021-09-20,137.88494873046875,139.01699829101562,139.3625030517578,137.05299377441406,139.0001983642578,34918000
2021-09-21,138.50936889648438,139.64649963378906,140.8115997314453,138.90550231933594,140.11700439453125,18130000
2021-09-22,139.79083251953125,140.93850708007812,141.58349609375,139.4717559814453,140.05050659179688,22068000
2021-09-23,140.6715850830078,141.82650756835938,142.25245666503906,141.09649658203125,141.6094970703125,17272000
2021-09-24,141.4715118408203,142.63299560546875,142.90350341796875,140.85049438476562,140.9459991455078,14950000
2021-09-27,140.34873962402344,141.50100708007812,142.5,140.5,141.5854949951172,18844000
2021-09-28,135.07505798339844,136.1840057373047,139.60650634765625,135.6999969482422,139.0885009765625,42190000
2021-09-29,133.42559814453125,134.52099609375,137.39849853515625,134.25,137.1096954345703,26338000
2021-09-30,132.18031311035156,133.2655029296875,135.58999633789062,133.0,134.3249969482422,35294000
2021-10-01,135.35128784179688,136.46249389648438,137.0709991455078,133.37750244140625,133.55450439453125,28388000
2021-10-04,132.67575073242188,133.76499938964844,135.6999969482422,131.16650390625,135.69949340820312,31530000
2021-10-05,135.068115234375,136.177001953125,137.36199951171875,134.0,134.0,24126000
2021-10-06,136.2355194091797,137.35400390625,137.8520050048828,134.4864959716797,134.62550354003906,19764000
2021-10-07,138.05210876464844,139.1855010986328,140.15444946289062,138.56300354003906,138.86300659179688,18250000
2021-10-08,138.91552734375,140.05599975585938,140.31700134277344,139.42935180664062,139.906005859375,18924000
2021-10-11,137.7168426513672,138.84750366210938,140.76365661621094,138.80650329589844,139.8000030517578,16584000
2021-10-12,135.59971618652344,136.71299743652344,139.69500732421875,136.25,139.6374969482422,22536000
2021-10-13,136.7770538330078,137.89999389648438,138.5500030517578,136.97650146484375,137.75,16380000
2021-10-14,140.26048278808594,141.41200256347656,141.65150451660156,139.33900451660156,139.95199584960938,21426000
2021-10-15,140.52133178710938,141.6750030517578,142.1999969482422,141.0644989013672,142.1999969482422,21250000
2021-10-18,141.79635620117188,142.9604949951172,142.99874877929688,141.2135009765625,141.2135009765625,16564000
2021-10-19,142.65084838867188,143.82200622558594,144.10699462890625,143.0959930419922,143.29150390625,15316000
2021-10-20,141.25527954101562,142.4149932861328,144.2477569580078,141.91200256347656,144.22250366210938,17940000
2021-10-21,141.61782836914062,142.78050231933594,142.84950256347656,141.63699340820312,142.19200134277344,14850000
2021-10-22,137.4961700439453,138.625,141.55850219726562,137.17050170898438,140.3509979248047,30182000
2021-10-25,137.64297485351562,138.7729949951172,139.20579528808594,136.74850463867188,138.8105010986328,21082000
2021-10-26,138.5346221923828,139.6719970703125,140.83949279785156,139.0054931640625,140.6060028076172,28258000
2021-10-27,145.23513793945312,146.42750549316406,149.1179962158203,139.90249633789062,139.90249633789062,51850000
2021-10-28,144.93907165527344,146.12899780273438,147.42449951171875,144.7635040283203,147.2989959716797,32418000
2021-10-29,147.0631561279297,148.27049255371094,148.61300659179688,145.16650390625,145.52000427246094,28954000
2021-11-01,142.60324096679688,143.7740020751953,148.39950561523438,143.57949829101562,148.1649932861328,32272000
2021-11-02,144.67523193359375,145.86300659179688,146.92050170898438,144.64100646972656,144.8094024658203,21150000
2021-11-03,145.59469604492188,146.7899932861328,146.91050720214844,145.05349731445312,146.27499389648438,17886000
2021-11-04,147.47225952148438,148.68299865722656,149.9499969482422,146.63499450683594,147.1999969482422,24700000
2021-11-05,148.02572631835938,149.24099731445312,150.5707550048828,148.65199279785156,149.35350036621094,20408000
2021-11-08,148.1353302001953,149.35150146484375,151.0345001220703,149.1199951171875,150.0,18388000
2021-11-09,148.0331573486328,149.24850463867188,150.3784942626953,147.5070037841797,149.74600219726562,16876000
2021-11-10,145.43202209472656,146.62600708007812,148.6999969482422,145.3249969482422,148.00975036621094,22708000
2021-11-11,145.55300903320312,146.7480010986328,148.5022430419922,146.6945037841797,147.10699462890625,12464000
2021-11-12,148.42691040039062,149.64549255371094,149.8594970703125,146.45399475097656,147.8314971923828,17048000
2021-11-15,148.1715087890625,149.38800048828125,150.4770050048828,148.65249633789062,150.0,16248000
2021-11-16,147.86209106445312,149.0760040283203,149.83250427246094,148.35000610351562,149.17050170898438,17254000
2021-11-17,147.8481903076172,149.06199645996094,149.62600708007812,148.56300354003906,149.22900390625,15290000
2021-11-18,149.48178100585938,150.70899963378906,151.61000061035156,148.99850463867188,149.14599609375,26658000
2021-11-19,148.73141479492188,149.95249938964844,151.85000610351562,149.8874969482422,151.0,19766000
2021-11-22,145.8808135986328,147.07850646972656,150.7445068359375,147.0054931640625,150.14175415039062,24608000
2021-11-23,145.56195068359375,146.7570037841797,147.69400024414062,144.88949584960938,147.11300659179688,18126000
2021-11-24,145.52276611328125,146.71749877929688,147.0,145.19900512695312,146.35000610351562,16464000
2021-11-26,141.6431121826172,142.80599975585938,145.2969970703125,142.48550415039062,145.0155029296875,16992000
2021-11-29,144.92417907714844,146.11399841308594,146.86199951171875,144.29849243164062,144.29849243164062,26276000
2021-11-30,141.29200744628906,142.45199584960938,146.6284942626953,142.0659942626953,145.45025634765625,41590000
2021-12-01,140.4647979736328,141.6179962158203,146.4991455078125,141.5,144.21249389648438,28476000
2021-12-02,142.605712890625,143.77650451660156,144.6750030517578,140.98199462890625,141.82400512695312,21250000
2021-12-03,141.3599395751953,142.52049255371094,145.21299743652344,141.14999389648438,144.49549865722656,26688000
2021-12-06,142.6255340576172,143.79649353027344,144.35150146484375,140.64700317382812,143.57400512695312,22198000
2021-12-07,146.83102416992188,148.0364990234375,148.3000030517578,145.70249938964844,145.9499969482422,23258000
2021-12-08,147.5094451904297,148.7205047607422,149.156494140625,147.1999969482422,148.3314971923828,18964000
2021-12-09,146.8999786376953,148.1060028076172,149.60499572753906,147.5290069580078,148.17599487304688,18580000
2021-12-10,147.46434020996094,148.6750030517578,149.39999389648438,147.3574981689453,149.10000610351562,21634000
2021-12-13,145.50985717773438,146.70449829101562,148.5625,146.36000061035156,148.44400024414062,24104000
2021-12-14,143.79000854492188,144.9705047607422,145.44200134277344,142.24249267578125,144.77000427246094,24778000
2021-12-15,146.16847229003906,147.36849975585938,147.51724243164062,142.70550537109375,144.36599731445312,27280000
2021-12-16,143.6590576171875,144.8385009765625,148.55149841308594,144.09249877929688,148.07699584960938,27400000
2021-12-17,141.64015197753906,142.80299377441406,144.46009826660156,141.78799438476562,142.71449279785156,43404000
2021-12-20,141.24191284179688,142.40150451660156,142.61050415039062,140.25,140.67959594726562,20264000
2021-12-21,143.04611206054688,144.2205047607422,144.69204711914062,141.73500061035156,143.14999389648438,19548000
2021-12-22,145.7523956298828,146.94900512695312,147.30299377441406,143.96299743652344,144.10000610351562,18438000
2021-12-23,145.94430541992188,147.1425018310547,148.57260131835938,146.9508514404297,147.08949279785156,13818000
2021-12-27,146.85830688476562,148.06399536132812,148.42649841308594,147.25,147.4635009765625,13256000
2021-12-28,145.2554473876953,146.447998046875,148.37449645996094,145.9355010986328,148.37449645996094,18624000
2021-12-29,145.31150817871094,146.50450134277344,147.18374633789062,145.50450134277344,146.42950439453125,17022000
2021-12-30,144.8135986328125,146.00250244140625,147.0625,145.7584991455078,146.4499969482422,12978000
2021-12-31,143.50135803222656,144.67950439453125,146.36500549316406,144.67750549316406,145.54400634765625,17298000
2022-01-03,143.89312744140625,145.07449340820312,145.5500030517578,143.50250244140625,144.47549438476562,25214000
2022-01-04,143.24050903320312,144.41650390625,146.61000061035156,143.81614685058594,145.55050659179688,22928000
2022-01-05,136.5325927734375,137.65350341796875,144.29800415039062,137.52349853515625,144.18099975585938,49642000
2022-01-06,136.430908203125,137.55099487304688,139.68600463867188,136.7635040283203,137.49749755859375,29050000
2022-01-07,135.88885498046875,137.00450134277344,138.25474548339844,135.78900146484375,137.90499877929688,19408000
2022-01-10,137.44558715820312,138.57400512695312,138.63999938964844,133.1405029296875,135.0989990234375,34096000
2022-01-11,138.87734985351562,140.0175018310547,140.32949829101562,136.81350708007812,138.1804962158203,23502000
2022-01-12,140.49453735351562,141.6479949951172,142.8142547607422,141.11199951171875,141.55450439453125,23642000
2022-01-13,137.99803161621094,139.13099670410156,143.1855010986328,138.91400146484375,141.8404998779297,26566000
2022-01-14,138.64822387695312,139.7864990234375,141.20050048828125,137.5,137.5,23826000
2022-01-18,135.1806640625,136.29049682617188,137.39149475097656,135.61700439453125,136.60000610351562,27382000
2022-01-19,134.54736328125,135.65199279785156,138.39950561523438,135.5,136.93850708007812,20796000
2022-01-20,132.41934204101562,133.50650024414062,137.91200256347656,133.14450073242188,136.51400756835938,21930000
2022-01-21,129.03265380859375,130.0919952392578,134.760498046875,130.00100708007812,133.01199340820312,41920000
2022-01-24,129.3103485107422,130.3719940185547,130.77850341796875,124.64195251464844,126.02749633789062,55148000
2022-01-25,125.70347595214844,126.7354965209961,129.3385009765625,126.37799835205078,128.4355010986328,36008000
2022-01-26,128.18759155273438,129.24000549316406,132.8074951171875,127.15350341796875,130.59249877929688,39630000
2022-01-27,128.06956481933594,129.12100219726562,132.60995483398438,128.94500732421875,131.36099243164062,30248000
2022-01-28,132.2041015625,133.2895050048828,133.37049865722656,128.6945037841797,130.0,30518000
2022-01-31,134.59349060058594,135.69850158691406,135.843505859375,132.2740020751953,134.197998046875,34056000
2022-02-01,136.75575256347656,137.8784942626953,138.1999969482422,134.56825256347656,137.8350067138672,51204000
2022-02-02,146.83102416992188,148.0364990234375,152.10000610351562,145.5574951171875,151.86349487304688,89750000
2022-02-03,141.4888916015625,142.65049743652344,149.11770629882812,142.2050018310547,145.2949981689453,56930000
2022-02-04,141.85140991210938,143.01600646972656,144.53524780273438,139.8175048828125,143.01699829101562,49224000
2022-02-07,137.80662536621094,138.93800354003906,143.84649658203125,138.69900512695312,143.70899963378906,44610000
2022-02-08,138.07936096191406,139.21299743652344,139.83709716796875,136.8730010986328,138.9912567138672,34256000
2022-02-09,140.30116271972656,141.4530029296875,142.17550659179688,140.3769989013672,140.84974670410156,28628000
2022-02-10,137.47384643554688,138.6024932861328,141.43099975585938,138.0500030517578,139.5,33018000
2022-02-11,133.0377960205078,134.1300048828125,139.2832489013672,133.2884979248047,138.75,38808000
2022-02-14,134.19827270507812,135.3000030517578,136.16650390625,133.302001953125,133.36549377441406,26792000
2022-02-15,135.3145751953125,136.42550659179688,137.89999389648438,135.5395050048828,137.47149658203125,26578000
2022-02-16,136.367919921875,137.4875030517578,137.9459991455078,134.8236541748047,136.4304962158203,25610000
2022-02-17,131.23110961914062,132.30850219726562,136.83949279785156,132.20199584960938,136.14999389648438,30968000
2022-02-18,129.4051055908203,130.46749877929688,133.82400512695312,130.3070526123047,133.03750610351562,31858000
2022-02-22,128.3487548828125,129.40249633789062,131.9007568359375,127.74099731445312,129.98500061035156,38906000
2022-02-23,126.54605865478516,127.58499908447266,131.74899291992188,127.50350189208984,131.07850646972656,26432000
2022-02-24,131.59312438964844,132.67349243164062,133.03700256347656,124.7645034790039,125.0,43166000
2022-02-25,133.4241180419922,134.51950073242188,135.38900756835938,131.76499938964844,133.52549743652344,26236000
2022-02-28,133.79257202148438,134.89100646972656,135.6405029296875,132.82525634765625,133.2845001220703,29676000
2022-03-01,133.07546997070312,134.16799926757812,136.11099243164062,133.3784942626953,134.47999572753906,24640000
2022-03-02,133.65420532226562,134.75149536132812,135.61549377441406,133.4324951171875,134.60824584960938,23966000
2022-03-03,133.2143096923828,134.30799865722656,136.71380615234375,133.43099975585938,135.97850036621094,19780000
2022-03-04,131.04612731933594,132.1219940185547,134.19900512695312,130.4084930419922,133.38250732421875,24446000
2022-03-07,125.4346923828125,126.4645004272461,131.9040069580078,126.41000366210938,131.9040069580078,39178000
2022-03-08,126.2420654296875,127.27850341796875,131.2465057373047,125.86074829101562,126.25050354003906,35250000
2022-03-09,132.77590942382812,133.86599731445312,134.19850158691406,130.08799743652344,131.39999389648438,32258000
2022-03-10,131.60154724121094,132.6820068359375,133.5384979248047,131.4010009765625,131.46249389648438,24266000
2022-03-11,129.41302490234375,130.47549438476562,134.1999969482422,130.29649353027344,133.99949645996094,26600000
2022-03-14,125.70893096923828,126.74099731445312,131.0260009765625,126.41300201416016,130.572998046875,30254000
2022-03-15,128.60467529296875,129.66050720214844,130.51724243164062,126.56800079345703,127.74150085449219,30292000
2022-03-16,132.60183715820312,133.6905059814453,133.77099609375,129.2010040283203,131.0,32058000
2022-03-17,133.5044403076172,134.60049438476562,134.739501953125,132.718994140625,133.3209991455078,23994000
2022-03-18,135.68748474121094,136.80149841308594,136.9134979248047,132.9320068359375,133.88400268554688,45900000
2022-03-21,135.3671417236328,136.47850036621094,137.58250427246094,134.6114959716797,136.84750366210938,26632000
2022-03-22,139.13522338867188,140.27749633789062,141.5,136.5,136.5,29776000
2022-03-23,137.37564086914062,138.5034942626953,140.02499389648438,138.16650390625,139.1385040283203,25302000
2022-03-24,140.16128540039062,141.31199645996094,141.39649963378906,138.03939819335938,139.2725067138672,20544000
2022-03-25,140.36907958984375,141.52149963378906,141.95950317382812,139.69949340820312,141.75399780273438,19270000
2022-03-28,140.7941131591797,141.9499969482422,141.97650146484375,139.82815551757812,140.6844940185547,23774000
2022-03-29,142.08349609375,143.25,144.16250610351562,142.48399353027344,143.16050720214844,28678000
2022-03-30,141.48292541503906,142.64450073242188,143.48049926757812,142.16799926757812,142.8699951171875,21046000
2022-03-31,138.51231384277344,139.64950561523438,142.64450073242188,139.61900329589844,142.44850158691406,29516000
2022-04-01,139.55426025390625,140.6999969482422,140.9499969482422,138.7969970703125,140.00999450683594,23480000
2022-04-04,142.47279357910156,143.6425018310547,144.0437469482422,140.82449340820312,140.82449340820312,19076000
2022-04-05,139.91429138183594,141.06300354003906,143.58999633789062,140.94349670410156,143.39950561523438,19256000
2022-04-06,136.05894470214844,137.17599487304688,139.84849548339844,136.41810607910156,139.1614990234375,23574000
2022-04-07,135.35374450683594,136.46499633789062,137.70150756835938,134.8572540283203,136.6179962158203,19448000
2022-04-08,132.9192657470703,134.010498046875,136.25,133.75250244140625,136.25,16434000
2022-04-11,128.73956298828125,129.79649353027344,132.93919372558594,129.61749267578125,132.89999389648438,24188000
2022-04-12,127.32913208007812,128.37449645996094,132.42349243164062,127.57599639892578,132.42349243164062,23004000
2022-04-13,129.22508239746094,130.28599548339844,130.65574645996094,128.4385986328125,128.62649536132812,19542000
2022-04-14,126.21675872802734,127.25299835205078,130.7102508544922,127.11150360107422,130.64950561523438,23484000
2022-04-18,126.91899871826172,127.96099853515625,128.71200561523438,126.57845306396484,127.41000366210938,14918000
2022-04-19,129.4680633544922,130.531005859375,130.90374755859375,127.45149993896484,128.07699584960938,22720000
2022-04-20,127.2011947631836,128.24549865722656,131.92349243164062,127.89405059814453,131.28399658203125,22610000
2022-04-21,123.92013549804688,124.9375,130.3074951171875,124.6500015258789,129.35000610351562,30158000
2022-04-22,118.63997650146484,119.61399841308594,125.4520034790039,119.1405029296875,125.0,46410000
2022-04-25,122.24636840820312,123.25,123.27799987792969,118.76924896240234,119.42949676513672,34522000
2022-04-26,118.53285217285156,119.50599670410156,122.75,119.16184997558594,122.75,49394000
2022-04-27,114.08387756347656,115.02050018310547,117.5,113.12425231933594,114.37300109863281,62238000
2022-04-28,118.43912506103516,119.4114990234375,120.4384994506836,115.1438980102539,117.11499786376953,36790000
2022-04-29,114.03031921386719,114.96649932861328,118.95999908447266,114.69400024414062,117.5780029296875,33694000
2022-05-02,116.20297241210938,117.15699768066406,117.3395004272461,113.39949798583984,113.90650177001953,30280000
2022-05-03,117.16754913330078,118.12950134277344,119.30000305175781,116.62699890136719,116.76499938964844,21216000
2022-05-04,121.57686614990234,122.57499694824219,123.14299774169922,115.7385025024414,118.00350189208984,33232000
2022-05-05,115.79582214355469,116.74649810791016,121.2332534790039,115.18250274658203,120.22049713134766,43090000
2022-05-06,114.71818542480469,115.66000366210938,117.49849700927734,114.14299774169922,115.51899719238281,35310000
2022-05-09,112.16313934326172,113.08399963378906,115.56289672851562,112.55149841308594,113.30349731445312,34520000
2022-05-10,113.65143585205078,114.58450317382812,116.69100189208984,113.38330078125,116.04049682617188,31158000
2022-05-11,113.03300476074219,113.96099853515625,116.6709976196289,113.6500015258789,113.71050262451172,36502000
2022-05-12,112.2395248413086,113.16100311279297,114.85649871826172,110.1135025024414,111.93800354003906,41464000
2022-05-13,115.56670379638672,116.5155029296875,118.08499908447266,114.0,114.84549713134766,29738000
2022-05-16,113.85774230957031,114.7925033569336,116.60749816894531,114.33499908447266,115.38400268554688,23282000
2022-05-17,115.75118255615234,116.70149993896484,117.22750091552734,115.3375015258789,117.22750091552734,21576000
2022-05-18,111.48571014404297,112.4010009765625,115.69564819335938,112.14199829101562,115.23750305175781,27982000
2022-05-19,109.84368896484375,110.74549865722656,113.5875015258789,110.46800231933594,111.84100341796875,29192000
2022-05-20,108.4228744506836,109.31300354003906,112.55000305175781,106.37300109863281,112.08550262451172,37586000
2022-05-23,110.75718688964844,111.66649627685547,112.00550079345703,109.15425109863281,110.10399627685547,31558000
2022-05-24,105.06344604492188,105.9260025024414,106.3949966430664,102.20800018310547,106.37750244140625,60386000
2022-05-25,104.97764587402344,105.8395004272461,106.5447006225586,104.21125030517578,105.14199829101562,37900000
2022-05-26,107.41413879394531,108.2959976196289,108.95525360107422,105.48799896240234,106.05049896240234,30288000
2022-05-27,111.88047790527344,112.79900360107422,112.86799621582031,109.55000305175781,109.78849792480469,29924000
2022-05-31,113.11036682128906,114.03900146484375,116.43350219726562,112.57250213623047,113.0790023803711,51302000
2022-06-01,113.20758056640625,114.13700103759766,117.39900207519531,113.55049896240234,114.93150329589844,28630000
2022-06-02,116.78718566894531,117.74600219726562,117.89800262451172,113.30799865722656,114.18800354003906,27472000
2022-06-03,113.631103515625,114.56400299072266,116.364501953125,113.66799926757812,115.99250030517578,25052000
2022-06-06,116.05766296386719,117.010498046875,119.39849853515625,116.5282974243164,116.74250030517578,23786000
2022-06-07,116.27489471435547,117.22949981689453,117.74864959716797,115.12550354003906,115.64800262451172,26414000
2022-06-08,116.28331756591797,117.23799896240234,118.64600372314453,116.69674682617188,116.87650299072266,22544000
2022-06-09,113.98221588134766,114.91799926757812,118.3499984741211,114.86699676513672,116.34149932861328,23142000
2022-06-10,110.52013397216797,111.42749786376953,113.49700164794922,110.86100006103516,112.78125,31324000
2022-06-13,106.0062026977539,106.87650299072266,109.21849822998047,106.58805084228516,107.44599914550781,36756000
2022-06-14,106.32110595703125,107.19400024414062,108.4574966430664,106.35199737548828,106.88999938964844,25480000
2022-06-15,109.49159240722656,110.3905029296875,112.06300354003906,108.1187515258789,108.89949798583984,33192000
2022-06-16,105.76766204833984,106.63600158691406,109.29049682617188,105.7925033569336,108.14949798583984,35314000
2022-06-17,106.98715209960938,107.8655014038086,109.24949645996094,105.62854766845703,106.53500366210938,43516000
2022-06-21,111.10284423828125,112.01499938964844,112.6729965209961,109.29350280761719,109.7020034790039,39010000
2022-06-22,111.12169647216797,112.03399658203125,113.76950073242188,110.72429656982422,111.16300201416016,23922000
2022-06-23,111.76690673828125,112.68450164794922,113.19650268554688,111.02899932861328,112.94999694824219,24710000
2022-06-24,117.57275390625,118.53800201416016,118.63749694824219,113.60299682617188,113.60299682617188,39122000
2022-06-27,115.67283630371094,116.62249755859375,119.25,116.00074768066406,118.93499755859375,32840000
2022-06-28,111.65483093261719,112.57150268554688,117.85649871826172,112.44400024414062,116.35099792480469,28232000
2022-06-29,111.3423843383789,112.25650024414062,113.66449737548828,111.55400085449219,112.14849853515625,18628000
2022-06-30,108.48188018798828,109.37249755859375,111.32980346679688,107.30999755859375,110.49949645996094,38046000
2022-07-01,108.1927490234375,109.08100128173828,109.80635070800781,107.1050033569336,108.33699798583984,31028000
2022-07-05,112.95960998535156,113.88700103759766,114.05259704589844,106.24949645996094,107.5145034790039,36398000
2022-07-06,114.27530670166016,115.2135009765625,116.35199737548828,112.25050354003906,114.09200286865234,28852000
2022-07-07,118.33446502685547,119.30599975585938,119.86199951171875,115.53399658203125,116.00800323486328,32184000
2022-07-08,119.18995666503906,120.16850280761719,120.43499755859375,117.51399993896484,117.55000305175781,29082000
2022-07-11,115.57365417480469,116.52249908447266,118.79450225830078,116.2344970703125,118.6500015258789,26718000
2022-07-12,113.91426849365234,114.84950256347656,117.84950256347656,114.61499786376953,116.8385009765625,24970000
2022-07-13,111.2734603881836,112.18699645996094,115.15699768066406,111.822998046875,112.63899993896484,38958000
2022-07-14,110.53254699707031,111.44000244140625,111.98750305175781,109.32550048828125,110.82599639892578,32366000
2022-07-15,111.8487319946289,112.76699829101562,114.00050354003906,111.82250213623047,112.96299743652344,34330000
2022-07-18,109.01499938964844,109.91000366210938,114.80000305175781,109.30000305175781,113.44000244140625,33354000
2022-07-19,113.68663787841797,114.62000274658203,114.80999755859375,110.5,111.7300033569336,30992300
2022-07-20,113.76598358154297,114.69999694824219,116.33000183105469,113.26000213623047,114.05999755859375,26780100
2022-07-21,114.10321044921875,115.04000091552734,115.20999908447266,111.91000366210938,115.08999633789062,27267800
2022-07-22,107.47760772705078,108.36000061035156,113.18000030517578,107.5999984741211,111.80999755859375,44455300
2022-07-25,107.3288345336914,108.20999908447266,110.58000183105469,107.01000213623047,108.87999725341797,28289900
2022-07-26,104.58140563964844,105.44000244140625,107.73999786376953,104.76000213623047,107.43000030517578,36626600
2022-07-27,112.6749496459961,113.5999984741211,114.4000015258789,108.41999816894531,109.5999984741211,41474600
2022-07-28,113.65687561035156,114.58999633789062,114.69999694824219,111.85099792480469,112.80000305175781,23303800
2022-07-29,115.69019317626953,116.63999938964844,116.9000015258789,113.2300033569336,113.4000015258789,31336200
2022-08-01,114.53964233398438,115.4800033569336,117.12000274658203,114.69000244140625,115.52999877929688,22856200
2022-08-02,114.95621490478516,115.9000015258789,117.08000183105469,114.26000213623047,114.43000030517578,17911000
2022-08-03,117.81275939941406,118.77999877929688,119.41999816894531,116.1500015258789,116.33999633789062,25302800
2022-08-04,117.90203094482422,118.87000274658203,119.5,117.70999908447266,118.30000305175781,15757700
2022-08-05,117.25733184814453,118.22000122070312,118.86000061035156,116.70999908447266,116.93000030517578,15615700
2022-08-08,117.177978515625,118.13999938964844,120.86000061035156,117.83000183105469,119.12000274658203,17061100
2022-08-09,116.5431900024414,117.5,118.19999694824219,116.55999755859375,117.98999786376953,15424300
2022-08-10,119.66754150390625,120.6500015258789,121.77999877929688,119.36000061035156,119.58999633789062,20497000
2022-08-11,118.84429168701172,119.81999969482422,122.33999633789062,119.55000305175781,122.08000183105469,16671600
2022-08-12,121.65126037597656,122.6500015258789,122.6500015258789,120.4000015258789,121.16000366210938,16121100
2022-08-15,121.8793716430664,122.87999725341797,123.26000213623047,121.56999969482422,122.20999908447266,15525000
2022-08-16,121.51239013671875,122.51000213623047,123.22799682617188,121.53500366210938,122.31999969482422,15626200
2022-08-17,119.34022521972656,120.31999969482422,122.1500015258789,120.19999694824219,120.93000030517578,17589200
2022-08-18,119.8758316040039,120.86000061035156,121.69000244140625,119.55000305175781,120.2300033569336,15652000
2022-08-19,117.15814208984375,118.12000274658203,120.0,117.66999816894531,119.87000274658203,20187000
2022-08-22,114.13298034667969,115.06999969482422,116.5,114.66999816894531,116.0999984741211,19316000
2022-08-23,113.83541870117188,114.7699966430664,115.93000030517578,114.30000305175781,114.31999969482422,14390700
2022-08-24,113.76598358154297,114.69999694824219,115.71700286865234,113.77999877929688,114.44999694824219,16051200
2022-08-25,116.74156188964844,117.69999694824219,117.77999877929688,115.05000305175781,115.1500015258789,14874700
2022-08-26,110.39366149902344,111.30000305175781,116.5999984741211,111.22000122070312,115.80999755859375,31698700
2022-08-29,109.44149017333984,110.33999633789062,111.95999908447266,109.80999755859375,110.77999877929688,20386100
2022-08-30,109.01499938964844,109.91000366210938,111.37000274658203,108.80000305175781,111.02999877929688,20548200
2022-08-31,108.26119232177734,109.1500015258789,111.7699966430664,109.05000305175781,111.62999725341797,25898000
2022-09-01,109.64978790283203,110.55000305175781,111.22000122070312,108.19000244140625,109.19999694824219,22784400
2022-09-02,107.7950210571289,108.68000030517578,111.67500305175781,108.12999725341797,111.33999633789062,20618100
2022-09-06,106.60478973388672,107.4800033569336,108.87999725341797,106.51000213623047,108.13500213623047,20565100
2022-09-07,109.58036041259766,110.4800033569336,110.98999786376953,107.61499786376953,107.76000213623047,22987200
2022-09-08,108.52898406982422,109.41999816894531,110.58000183105469,108.05999755859375,109.18000030517578,21660700
2022-09-09,110.86975860595703,111.77999877929688,112.0,110.0,110.05000305175781,21732900
2022-09-12,110.95903778076172,111.87000274658203,112.63999938964844,110.93000030517578,111.98999786376953,19732900
2022-09-13,104.45245361328125,105.30999755859375,109.37000274658203,105.0,108.88999938964844,33015000
2022-09-14,105.00788879394531,105.87000274658203,106.0999984741211,104.5,105.44000244140625,22115800
2022-09-15,103.0539321899414,103.9000015258789,106.20999908447266,103.30999755859375,105.01000213623047,26494900
2022-09-16,102.7861328125,103.62999725341797,104.02999877929688,101.8550033569336,102.97000122070312,64540100
2022-09-19,103.00434112548828,103.8499984741211,104.0199966430664,102.37000274658203,102.54000091552734,19738600
2022-09-20,101.00079345703125,101.83000183105469,103.16999816894531,101.12000274658203,102.87999725341797,24001700
2022-09-21,99.19561004638672,100.01000213623047,103.48999786376953,99.98999786376953,102.23999786376953,26596800
2022-09-22,99.75105285644531,100.56999969482422,101.68000030517578,99.41000366210938,99.44999694824219,21272700
2022-09-23,98.36244201660156,99.16999816894531,100.11000061035156,98.01000213623047,100.05999755859375,25657000
2022-09-26,98.00537872314453,98.80999755859375,100.44000244140625,98.37999725341797,98.61000061035156,22437900
2022-09-27,97.29125213623047,98.08999633789062,100.45999908447266,97.33999633789062,99.91000366210938,24225000
2022-09-28,99.91967010498047,100.73999786376953,101.4000015258789,97.80000305175781,98.0199966430664,24617000
2022-09-29,97.29125213623047,98.08999633789062,99.30000305175781,96.5199966430664,99.30000305175781,21921500
2022-09-30,95.36705017089844,96.1500015258789,99.49400329589844,96.02999877929688,97.7300033569336,26277800
2022-10-03,98.49139404296875,99.30000305175781,99.97000122070312,97.0199966430664,97.22000122070312,24840000
2022-10-04,101.57608032226562,102.41000366210938,102.72000122070312,101.04000091552734,101.04000091552734,22580900
2022-10-05,101.38761138916016,102.22000122070312,102.73999786376953,99.73999786376953,100.69000244140625,18475500
2022-10-06,101.4074478149414,102.23999786376953,103.7300033569336,101.5,101.5,17156200
2022-10-07,98.75919342041016,99.56999969482422,101.41999816894531,99.20999908447266,100.6500015258789,24249900
2022-10-10,97.90618896484375,98.70999908447266,99.98999786376953,97.87000274658203,99.8499984741211,16529900
2022-10-11,97.25157928466797,98.05000305175781,100.12000274658203,97.25,98.25,21617700
2022-10-12,97.49952697753906,98.30000305175781,99.64800262451172,97.66999816894531,98.2699966430664,17343400
2022-10-13,98.89806365966797,99.70999908447266,100.52999877929688,95.2699966430664,95.93000030517578,32812200
2022-10-14,96.38865661621094,97.18000030517578,101.29000091552734,97.02999877929688,100.625,22624800
2022-10-17,99.95934295654297,100.77999877929688,101.7699966430664,99.51000213623047,99.5199966430664,23311600
2022-10-18,100.56436920166016,101.38999938964844,104.22000122070312,100.6500015258789,103.94000244140625,21610500
2022-10-19,99.47333526611328,100.29000091552734,101.65899658203125,99.63500213623047,100.69999694824219,21573700
2022-10-20,99.71137237548828,100.52999877929688,103.0,99.97000122070312,100.81999969482422,25125100
2022-10-21,100.65363311767578,101.4800033569336,101.62000274658203,98.2300033569336,98.45999908447266,28988700
2022-10-24,102.13150024414062,102.97000122070312,103.0999984741211,100.30000305175781,102.08999633789062,24680800
2022-10-25,104.07554626464844,104.93000030517578,105.0999984741211,103.0199966430664,103.30000305175781,29910200
2022-10-26,94.04786682128906,94.81999969482422,98.54000091552734,94.56999969482422,96.76000213623047,71504300
2022-10-27,91.84595489501953,92.5999984741211,95.16999816894531,91.9000015258789,94.30999755859375,54036500
2022-10-28,95.79354095458984,96.58000183105469,96.86000061035156,92.322998046875,92.52999877929688,35696900
2022-10-31,93.88917541503906,94.66000366210938,96.3499984741211,94.37999725341797,95.77999877929688,29868700
2022-11-01,89.7630615234375,90.5,96.16500091552734,90.43000030517578,95.58999633789062,43220600
2022-11-02,86.3609848022461,87.06999969482422,91.30000305175781,87.01000213623047,90.91000366210938,43553600
2022-11-03,82.81012725830078,83.48999786376953,86.55000305175781,83.44999694824219,86.34500122070312,48510400
2022-11-04,85.99398803710938,86.69999694824219,86.7300033569336,83.87999725341797,85.51000213623047,40173300
2022-11-07,87.92813110351562,88.6500015258789,88.94000244140625,86.95999908447266,87.33999633789062,26899900
2022-11-08,88.18600463867188,88.91000366210938,90.40499877929688,87.6500015258789,89.16000366210938,30172000
2022-11-09,86.68828582763672,87.4000015258789,89.48999786376953,87.36000061035156,88.54499816894531,26743900
2022-11-10,93.40316009521484,94.16999816894531,94.55000305175781,91.6500015258789,92.33999633789062,42371200
2022-11-11,95.94232177734375,96.7300033569336,97.36000061035156,94.16000366210938,94.70999908447266,30569100
2022-11-14,95.2480239868164,96.02999877929688,97.18000030517578,95.11299896240234,95.5,24170100
2022-11-15,97.91612243652344,98.72000122070312,100.41999816894531,97.0199966430664,98.66999816894531,31831000
2022-11-16,98.18391418457031,98.98999786376953,99.8499984741211,97.9020004272461,98.0199966430664,24660200
2022-11-17,97.69791412353516,98.5,99.4800033569336,97.0999984741211,97.18000030517578,21818700
2022-11-18,97.00361633300781,97.80000305175781,99.16000366210938,96.73999786376953,99.01000213623047,24969900
2022-11-21,95.04965209960938,95.83000183105469,98.72000122070312,95.66999816894531,97.55999755859375,18696900
2022-11-22,96.53743743896484,97.33000183105469,97.5479965209961,94.41000366210938,96.16000366210938,18868900
2022-11-23,98.01530456542969,98.81999969482422,99.06900024414062,97.33999633789062,97.33999633789062,17568900
2022-11-25,96.80523681640625,97.5999984741211,98.94000244140625,97.52999877929688,98.46499633789062,8567800
2022-11-28,95.46623992919922,96.25,97.83000183105469,95.88999938964844,97.19999694824219,19974500
2022-11-29,94.66282653808594,95.44000244140625,96.38999938964844,94.38999938964844,96.0,20220000
2022-11-30,100.62389373779297,101.44999694824219,101.44999694824219,94.66999816894531,95.12000274658203,39888100
2022-12-01,100.45527648925781,101.27999877929688,102.58999633789062,100.66999816894531,101.4000015258789,21771500
2022-12-02,100.0089340209961,100.83000183105469,101.1500015258789,99.16999816894531,99.37000274658203,18821500
2022-12-05,99.05675506591797,99.87000274658203,101.75,99.3550033569336,99.81500244140625,19955500
2022-12-06,96.51759338378906,97.30999755859375,100.20999908447266,96.76000213623047,99.66999816894531,20877600
2022-12-07,94.37519073486328,95.1500015258789,97.30999755859375,95.0250015258789,96.7699966430664,26647900
2022-12-08,93.18495178222656,93.94999694824219,95.87000274658203,93.80000305175781,95.69000244140625,25593200
2022-12-09,92.31212615966797,93.06999969482422,94.48999786376953,93.0199966430664,93.9000015258789,21885300
2022-12-12,92.79812622070312,93.55999755859375,93.875,91.9000015258789,93.08999633789062,27380900
2022-12-13,95.0694808959961,95.8499984741211,99.80000305175781,95.37999725341797,98.06999969482422,34788500
2022-12-14,94.53388214111328,95.30999755859375,97.22000122070312,93.94000244140625,95.54000091552734,26452900
2022-12-15,90.45734405517578,91.19999694824219,94.02999877929688,90.43000030517578,93.54000091552734,28298800
2022-12-16,90.1201171875,90.86000061035156,91.75,90.01000213623047,91.19999694824219,48485500
2022-12-19,88.42404174804688,89.1500015258789,91.19999694824219,88.92500305175781,90.87999725341797,23020500
2022-12-20,88.900146484375,89.62999725341797,89.77999877929688,88.04000091552734,88.7300033569336,21976800
2022-12-21,89.51509094238281,90.25,90.91500091552734,88.91000366210938,89.7300033569336,20336400
2022-12-22,87.54129791259766,88.26000213623047,89.18000030517578,86.94000244140625,88.93000030517578,23656100
2022-12-23,89.07866668701172,89.80999755859375,90.0999984741211,87.62000274658203,87.62000274658203,17815000
2022-12-27,87.21399688720703,87.93000030517578,89.5,87.53500366210938,89.30999755859375,15470900
2022-12-28,85.75594329833984,86.45999908447266,88.5199966430664,86.37000274658203,87.5,17879600
2022-12-29,88.22566986083984,88.94999694824219,89.36499786376953,86.98999786376953,87.02999877929688,18280700
2022-12-30,88.00747680664062,88.7300033569336,88.83000183105469,87.02999877929688,87.36499786376953,19190300
2023-01-03,88.96957397460938,89.69999694824219,91.55000305175781,89.0199966430664,89.83000183105469,20738500
2023-01-04,87.98764038085938,88.70999908447266,91.23999786376953,87.80000305175781,91.01000213623047,27046500
2023-01-05,86.06341552734375,86.7699966430664,88.20999908447266,86.55999755859375,88.06999969482422,23136100
2023-01-06,87.44210052490234,88.16000366210938,88.47000122070312,85.56999969482422,87.36000061035156,26612600
2023-01-09,88.07689666748047,88.80000305175781,90.83000183105469,88.58000183105469,89.19499969482422,22996700
2023-01-10,88.51331329345703,89.23999786376953,89.4749984741211,86.69999694824219,86.72000122070312,22855600
2023-01-11,91.50872802734375,92.26000213623047,92.44999694824219,89.73999786376953,90.05999755859375,25998800
2023-01-12,91.16156005859375,91.91000366210938,92.62000274658203,90.56999969482422,92.4000015258789,22754200
2023-01-13,92.04432678222656,92.80000305175781,92.9800033569336,90.93000030517578,91.52799987792969,18630700
2023-01-17,91.40953063964844,92.16000366210938,92.97000122070312,90.83999633789062,92.77999877929688,22935800
2023-01-18,91.03263092041016,91.77999877929688,93.58799743652344,91.4000015258789,92.94000244140625,19641600
2023-01-19,93.14529418945312,93.91000366210938,94.4000015258789,91.37999725341797,91.38999938964844,28707700
2023-01-20,98.47156524658203,99.27999877929688,99.41999816894531,95.91000366210938,95.94999694824219,53704800
2023-01-23,100.38583374023438,101.20999908447266,101.4000015258789,98.75,99.12999725341797,31791800
2023-01-24,98.40213012695312,99.20999908447266,101.08999633789062,98.69999694824219,99.55000305175781,27391400
2023-01-25,95.94232177734375,96.7300033569336,97.72000122070312,95.26200103759766,97.19999694824219,31000900
2023-01-26,98.35253143310547,99.16000366210938,99.20999908447266,96.81999969482422,98.27999877929688,24542100
2023-01-27,99.88990783691406,100.70999908447266,101.58000183105469,98.97000122070312,99.05000305175781,29020400
2023-01-30,97.15237426757812,97.94999694824219,99.40899658203125,97.5199966430664,98.74500274658203,24365100
2023-01-31,99.05675506591797,99.87000274658203,99.91000366210938,97.79000091552734,97.86000061035156,22306800
2023-02-01,100.60404968261719,101.43000030517578,102.19000244140625,98.41999816894531,99.73999786376953,26392600
2023-02-02,107.9140396118164,108.80000305175781,108.81999969482422,106.54000091552734,106.79000091552734,46622600
2023-02-03,104.36318969726562,105.22000122070312,108.0199966430664,103.30000305175781,103.51000213623047,36823400
2023-02-06,102.62743377685547,103.47000122070312,104.69999694824219,102.20999908447266,102.68499755859375,25573000
2023-02-07,107.16023254394531,108.04000091552734,108.66999816894531,103.5479965209961,103.62999725341797,33738800
2023-02-08,99.1856918334961,100.0,103.58000183105469,98.45500183105469,102.69000244140625,73546000
2023-02-09,94.68265533447266,95.45999908447266,100.61000061035156,93.86000061035156,100.54000091552734,97798600
2023-02-10,94.0875473022461,94.86000061035156,97.0199966430664,94.52999877929688,95.73999786376953,49325300
2023-02-13,94.22640991210938,95.0,95.3499984741211,94.05000305175781,95.01000213623047,43116600
2023-02-14,94.17681121826172,94.94999694824219,95.17500305175781,92.6500015258789,94.66000366210938,42513100
2023-02-15,96.3093032836914,97.0999984741211,97.33999633789062,94.36000061035156,94.73999786376953,36964500
2023-02-16,95.00005340576172,95.77999877929688,97.87999725341797,94.97000122070312,95.54000091552734,35642100
2023-02-17,93.81974029541016,94.58999633789062,95.75,93.44999694824219,95.06999969482422,31095100
2023-02-21,91.30043029785156,92.05000305175781,93.41500091552734,92.0,93.23999786376953,28367200
2023-02-22,91.05245971679688,91.80000305175781,92.36000061035156,90.87000274658203,91.93399810791016,29891100
2023-02-23,90.32839965820312,91.06999969482422,92.12999725341797,90.01000213623047,92.12999725341797,32423700
2023-02-24,88.6224136352539,89.3499984741211,90.12999725341797,88.86000061035156,89.62999725341797,31295600
2023-02-27,89.36630249023438,90.0999984741211,90.44999694824219,89.61000061035156,90.08999633789062,22724300
2023-02-28,89.56468200683594,90.30000305175781,91.44999694824219,89.5199966430664,89.54000091552734,30546900
2023-03-01,89.77296447753906,90.51000213623047,91.19999694824219,89.8499984741211,90.16000366210938,26323900
2023-03-02,91.55831146240234,92.30999755859375,92.4800033569336,89.7699966430664,89.86000061035156,23328600
2023-03-03,93.25437927246094,94.0199966430664,94.11000061035156,92.66000366210938,92.73999786376953,30242500
2023-03-06,94.80168151855469,95.58000183105469,96.30000305175781,94.30000305175781,94.36000061035156,28288200
2023-03-07,93.40316009521484,94.16999816894531,96.08999633789062,93.84400177001953,95.41999816894531,24101500
2023-03-08,93.8792724609375,94.6500015258789,96.23999786376953,94.40499877929688,94.40499877929688,25395200
2023-03-09,91.90547180175781,92.66000366210938,95.91999816894531,92.3550033569336,94.48999786376953,24438900
2023-03-10,90.2688980102539,91.01000213623047,93.18000030517578,90.80000305175781,92.5,32850100
2023-03-13,90.91361236572266,91.66000366210938,93.08000183105469,89.94000244140625,90.56500244140625,31508600
2023-03-14,93.48250579833984,94.25,94.83000183105469,92.77999877929688,93.06999969482422,32303900
2023-03-15,95.7637939453125,96.55000305175781,97.25,93.04000091552734,93.54000091552734,38367300
2023-03-16,100.24697875976562,101.06999969482422,101.97000122070312,95.87000274658203,96.56999969482422,54499500
2023-03-17,101.62564849853516,102.45999908447266,103.48999786376953,100.75,100.83999633789062,76140300
2023-03-20,101.09996795654297,101.93000030517578,102.58000183105469,100.79000091552734,101.05999755859375,26033900
2023-03-21,104.97813415527344,105.83999633789062,105.95999908447266,101.86000061035156,101.9800033569336,33122800
2023-03-22,103.37132263183594,104.22000122070312,107.51000213623047,104.20999908447266,105.13999938964844,32336900
2023-03-23,105.39471435546875,106.26000213623047,107.10099792480469,105.41000366210938,105.88999938964844,31385800
2023-03-24,105.19635009765625,106.05999755859375,106.16000366210938,104.73999786376953,105.73999786376953,25236200
2023-03-27,102.22076416015625,103.05999755859375,105.4000015258789,102.62999725341797,105.31999969482422,25393400
2023-03-28,100.53462219238281,101.36000061035156,103.0,100.27999877929688,103.0,24913500
2023-03-29,101.07022857666016,101.9000015258789,102.81999969482422,101.02999877929688,102.72000122070312,26148300
2023-03-30,100.49494934082031,101.31999969482422,101.61000061035156,100.29000091552734,101.44000244140625,25009800
2023-03-31,103.15312194824219,104.0,104.19000244140625,101.44000244140625,101.70999908447266,28108000
2023-04-03,104.05570983886719,104.91000366210938,104.94999694824219,102.37999725341797,102.66999816894531,20719900
2023-04-04,104.2640151977539,105.12000274658203,106.0999984741211,104.5999984741211,104.83999633789062,20377200
2023-04-05,104.09538269042969,104.94999694824219,106.54000091552734,104.10199737548828,106.12000274658203,21864200
2023-04-06,108.01322937011719,108.9000015258789,109.62999725341797,104.81500244140625,105.7699966430664,34684200
2023-04-10,106.07909393310547,106.94999694824219,107.97000122070312,105.5999984741211,107.38999938964844,19741500
2023-04-11,105.255859375,106.12000274658203,107.22000122070312,105.27999877929688,106.91999816894531,18721300
2023-04-12,104.36318969726562,105.22000122070312,107.58699798583984,104.97000122070312,107.38999938964844,22761600
2023-04-13,107.30900573730469,108.19000244140625,108.26499938964844,106.44000244140625,106.47000122070312,21650700
2023-04-14,108.56865692138672,109.45999908447266,109.58000183105469,107.58999633789062,107.69000244140625,20758700
2023-04-17,105.55340576171875,106.41999816894531,106.70999908447266,105.31999969482422,105.43000030517578,29043400
2023-04-18,104.2640151977539,105.12000274658203,107.05000305175781,104.77999877929688,107.0,17641400
2023-04-19,104.16480255126953,105.0199966430664,105.7249984741211,103.80000305175781,104.21499633789062,16732000
2023-04-20,105.03765869140625,105.9000015258789,106.88800048828125,104.63999938964844,104.6500015258789,22515300
2023-04-21,105.04756927490234,105.91000366210938,106.63999938964844,105.48500061035156,106.08999633789062,22379000
2023-04-24,105.91046905517578,106.77999877929688,107.31999969482422,105.36000061035156,106.05000305175781,21410900
2023-04-25,103.75814819335938,104.61000061035156,107.44000244140625,104.55999755859375,106.61000061035156,31408100
2023-04-26,103.59944915771484,104.44999694824219,107.0199966430664,103.2699966430664,105.55999755859375,37068200
2023-04-27,107.48753356933594,108.37000274658203,109.1500015258789,104.41999816894531,105.2300033569336,38235200
2023-04-28,107.33876037597656,108.22000122070312,108.29000091552734,106.04000091552734,107.80000305175781,23957900
2023-05-01,106.8329086303711,107.70999908447266,108.68000030517578,107.5,107.72000122070312,20926300
2023-05-02,105.11701202392578,105.9800033569336,107.7300033569336,104.5,107.66000366210938,20343100
2023-05-03,105.255859375,106.12000274658203,108.12999725341797,105.62000274658203,106.22000122070312,17116300
2023-05-04,104.35326385498047,105.20999908447266,106.30000305175781,104.69999694824219,106.16000366210938,19780600
2023-05-05,105.3500747680664,106.21499633789062,106.44000244140625,104.73899841308594,105.31999969482422,20710600
2023-05-08,107.35858154296875,108.23999786376953,108.41999816894531,105.79000091552734,105.79499816894531,17266000
2023-05-09,107.06104278564453,107.94000244140625,110.59500122070312,107.7249984741211,108.77999877929688,24782400
2023-05-10,111.36569213867188,112.27999877929688,113.51000213623047,108.4800033569336,108.55000305175781,47533500
2023-05-11,115.94807434082031,116.9000015258789,118.44000244140625,114.93000030517578,115.86000061035156,57115100
2023-05-12,116.95976257324219,117.91999816894531,118.26000213623047,116.55000305175781,117.0,31293800
2023-05-15,116.00758361816406,116.95999908447266,118.79499816894531,116.4800033569336,116.48999786376953,22107900
2023-05-16,119.11209869384766,120.08999633789062,121.19999694824219,116.83000183105469,116.83000183105469,32370100
2023-05-17,120.49076843261719,121.4800033569336,122.27999877929688,119.45999908447266,120.18000030517578,26659600
2023-05-18,122.51415252685547,123.5199966430664,123.9000015258789,121.48999786376953,121.55999755859375,27014500
2023-05-19,122.24636840820312,123.25,126.47899627685547,122.72000122070312,124.19999694824219,30268900
2023-05-22,124.84503173828125,125.87000274658203,127.05000305175781,123.44999694824219,123.51000213623047,29760200
2023-05-23,122.28604125976562,123.29000091552734,125.41999816894531,123.05000305175781,124.93000030517578,24477900
2023-05-24,120.64947509765625,121.63999938964844,122.75,120.75,121.87999725341797,23087900
2023-05-25,123.33741760253906,124.3499984741211,125.9800033569336,122.9000015258789,125.20999908447266,33812700
2023-05-26,124.40861511230469,125.43000030517578,126.0,123.29000091552734,124.06500244140625,25154700
2023-05-30,123.62504577636719,124.63999938964844,126.37999725341797,122.88999938964844,126.29000091552734,27230700
2023-05-31,122.36539459228516,123.37000274658203,124.9000015258789,123.0999984741211,123.69999694824219,41548800
2023-06-01,123.35725402832031,124.37000274658203,125.04000091552734,123.30000305175781,123.5,25017700
2023-06-02,124.21024322509766,125.2300033569336,126.74500274658203,124.3499984741211,124.48999786376953,19367500
2023-06-05,125.59883117675781,126.62999725341797,127.98999786376953,124.37999725341797,124.61000061035156,22672500
2023-06-06,126.8684310913086,127.91000366210938,128.8800048828125,125.97000122070312,126.5999984741211,19450100
2023-06-07,121.93888854980469,122.94000244140625,129.5500030517578,122.62999725341797,127.57499694824219,34179300
2023-06-08,121.67108917236328,122.66999816894531,123.7300033569336,122.01000213623047,122.58499908447266,24815000
2023-06-09,121.86946105957031,122.87000274658203,124.28500366210938,122.41999816894531,122.55999755859375,20304500
2023-06-12,123.33741760253906,124.3499984741211,124.75,122.3499984741211,123.3949966430664,22255700
2023-06-13,123.41676330566406,124.43000030517578,125.86000061035156,123.84500122070312,125.6500015258789,19287700
2023-06-14,123.36715698242188,124.37999725341797,124.79000091552734,122.16000366210938,123.80000305175781,24659600
2023-06-15,124.76567840576172,125.79000091552734,126.16000366210938,123.13999938964844,123.87999725341797,24517100
2023-06-16,123.04976654052734,124.05999755859375,126.69999694824219,123.79000091552734,126.69999694824219,56699200
2023-06-20,122.84147644042969,123.8499984741211,125.17500305175781,122.83000183105469,123.53500366210938,22698000
2023-06-21,120.2725830078125,121.26000213623047,123.41000366210938,120.86000061035156,123.23500061035156,22612000
2023-06-22,122.86131286621094,123.87000274658203,123.93499755859375,119.5999984741211,120.66000366210938,20781900
2023-06-23,122.01823425292969,123.0199966430664,123.44000244140625,121.86000061035156,122.04000091552734,29573100
2023-06-26,118.1202392578125,119.08999633789062,122.72000122070312,118.98999786376953,121.46600341796875,23185000
2023-06-27,118.0408935546875,119.01000213623047,119.8949966430664,116.91000366210938,117.83999633789062,27221700
2023-06-28,120.09403991699219,121.08000183105469,121.2699966430664,117.5999984741211,117.95999908447266,19753100
2023-06-29,119.03275299072266,120.01000213623047,120.91000366210938,119.20999908447266,120.08999633789062,18517500
2023-06-30,119.98493194580078,120.97000122070312,122.02999877929688,120.87999725341797,121.0999984741211,23871800
2023-07-03,119.57826232910156,120.55999755859375,121.0199966430664,119.70500183105469,120.31999969482422,13888300
2023-07-05,121.63140869140625,122.62999725341797,123.37000274658203,120.05999755859375,120.05999755859375,17830300
2023-07-06,119.94525909423828,120.93000030517578,121.1500015258789,119.25,120.63999938964844,17732500
2023-07-07,119.16168975830078,120.13999938964844,121.75,120.08999633789062,120.88999938964844,20997700
2023-07-10,115.91832733154297,116.87000274658203,119.06999969482422,116.63999938964844,119.06999969482422,32960100
2023-07-11,116.75148010253906,117.70999908447266,118.2249984741211,115.83000183105469,116.76000213623047,18286600
2023-07-12,118.64593505859375,119.62000274658203,120.95999908447266,119.0,119.30000305175781,22059600
2023-07-13,123.8134994506836,124.83000183105469,125.33499908447266,121.05999755859375,121.54000091552734,31535900
2023-07-14,124.6764144897461,125.69999694824219,127.08999633789062,124.9000015258789,125.12999725341797,20499800
2023-07-17,124.04161834716797,125.05999755859375,127.27999877929688,124.5,126.05999755859375,20675300
2023-07-18,123.0696029663086,124.08000183105469,124.98999786376953,123.30000305175781,124.90499877929688,21045800
2023-07-19,121.78018188476562,122.77999877929688,125.47000122070312,122.47000122070312,124.79000091552734,22313800
2023-07-20,118.55664825439453,119.52999877929688,124.69999694824219,118.68499755859375,122.12000274658203,27541700
2023-07-21,119.33029174804688,120.30999755859375,121.30000305175781,119.06999969482422,120.87000274658203,56514600
2023-07-24,120.88751983642578,121.87999725341797,123.3499984741211,121.37999725341797,121.9260025024414,22276100
2023-07-25,121.79012298583984,122.79000091552734,123.69000244140625,121.52999877929688,121.87999725341797,31820800
2023-07-26,128.6041717529297,129.66000366210938,131.3699951171875,128.7100067138672,130.36000061035156,46216900
2023-07-27,128.81243896484375,129.8699951171875,133.60000610351562,129.17999267578125,131.8000030517578,35931600
2023-07-28,131.9268798828125,133.00999450683594,134.07000732421875,130.9199981689453,130.97000122070312,26971000
2023-07-31,132.02609252929688,133.11000061035156,133.8300018310547,132.1300048828125,133.00999450683594,18381900
2023-08-01,130.81600952148438,131.88999938964844,132.9199981689453,130.75,130.85499572753906,22154300
2023-08-02,127.59247589111328,128.63999938964844,130.4199981689453,127.8499984741211,129.83999633789062,22705800
2023-08-03,127.721435546875,128.77000427246094,129.77000427246094,127.7750015258789,128.3699951171875,15018100
2023-08-04,127.49329376220703,128.5399932861328,131.92999267578125,128.31500244140625,129.60000610351562,20521900
2023-08-07,130.86557006835938,131.94000244140625,132.05999755859375,129.42999267578125,129.50999450683594,17621000
2023-08-08,130.76641845703125,131.83999633789062,131.94000244140625,130.1300048828125,130.97999572753906,16836000
2023-08-09,129.09014892578125,130.14999389648438,132.47000122070312,129.5050048828125,132.19000244140625,17745200
2023-08-10,129.1497039794922,130.2100067138672,132.64700317382812,130.03500366210938,131.97000122070312,17855700
2023-08-11,129.11000061035156,130.1699981689453,130.44000244140625,128.75,129.20199584960938,15205500
2023-08-14,130.7565155029297,131.8300018310547,131.91000366210938,129.58999633789062,129.85000610351562,17526200
2023-08-15,129.2091827392578,130.27000427246094,131.99000549316406,129.81900024414062,131.58999633789062,14769200
2023-08-16,128.05865478515625,129.11000061035156,130.8979949951172,128.4600067138672,129.27999877929688,17548400
2023-08-17,129.39764404296875,130.4600067138672,132.49099731445312,129.85000610351562,130.4499969482422,23665600
2023-08-18,127.0667953491211,128.11000061035156,129.8300018310547,127.0,129.05999755859375,23627200
2023-08-21,127.88011169433594,128.92999267578125,129.25999450683594,127.16000366210938,127.8499984741211,21851100
2023-08-22,128.63392639160156,129.69000244140625,130.9499969482422,128.9250030517578,129.1300048828125,15557900
2023-08-23,132.12525939941406,133.2100067138672,134.07000732421875,130.50999450683594,130.85000610351562,26497000
2023-08-24,129.35797119140625,130.4199981689453,134.97000122070312,130.3000030517578,134.7270050048828,18680400
2023-08-25,129.6257781982422,130.69000244140625,131.39999389648438,128.0399932861328,130.13999938964844,20678100
2023-08-28,130.71682739257812,131.7899932861328,133.24000549316406,130.85000610351562,132.0800018310547,16715500
2023-08-29,134.38670349121094,135.49000549316406,137.2949981689453,132.97999572753906,132.9980010986328,30803300
2023-08-30,135.81495666503906,136.92999267578125,137.25,135.02099609375,135.57000732421875,21773400
2023-08-31,136.23153686523438,137.35000610351562,138.39999389648438,136.82000732421875,137.0500030517578,28147900
2023-09-01,135.68600463867188,136.8000030517578,138.5800018310547,135.94000244140625,138.42999267578125,16671600
2023-09-05,135.5967559814453,136.7100067138672,137.3699951171875,135.55999755859375,136.44000244140625,17730200
2023-09-06,134.26766967773438,135.3699951171875,137.47999572753906,134.69000244140625,137.01499938964844,15814300
2023-09-07,135.09091186523438,136.1999969482422,136.5800018310547,133.9600067138672,134.60000610351562,16976000
2023-09-08,136.082763671875,137.1999969482422,137.51499938964844,135.8699951171875,135.8699951171875,17810700
2023-09-11,136.61837768554688,137.74000549316406,138.26400756835938,136.5500030517578,137.3800048828125,17180800
2023-09-12,134.96197509765625,136.07000732421875,137.63999938964844,135.92999267578125,137.1300048828125,15212900
2023-09-13,136.3803253173828,137.5,137.6999969482422,134.92999267578125,135.89999389648438,16394900
2023-09-14,137.85818481445312,138.99000549316406,139.5500030517578,137.05999755859375,138.38999938964844,19064600
2023-09-15,137.17381286621094,138.3000030517578,139.36000061035156,137.17999267578125,138.8000030517578,48958800
2023-09-18,137.82846069335938,138.9600067138672,139.92999267578125,137.6300048828125,137.6300048828125,16233600
2023-09-19,137.69949340820312,138.8300018310547,139.1750030517578,137.5,138.25,15479100
2023-09-20,133.4940185546875,134.58999633789062,138.83999633789062,134.52000427246094,138.8300018310547,21473500
2023-09-21,130.29031372070312,131.36000061035156,133.19000244140625,131.08999633789062,132.38999938964844,22058400
2023-09-22,130.1812286376953,131.25,133.00999450683594,130.50999450683594,131.67999267578125,17348700
2023-09-25,131.09373474121094,132.1699981689453,132.22000122070312,130.02999877929688,130.77000427246094,14650000
2023-09-26,128.39585876464844,129.4499969482422,131.40499877929688,128.19000244140625,130.91400146484375,20378800
2023-09-27,130.38951110839844,131.4600067138672,131.72000122070312,129.3800048828125,129.44000244140625,18764200
2023-09-28,132.04591369628906,133.1300048828125,134.17999267578125,130.69000244140625,130.69000244140625,18201400
2023-09-29,130.7763214111328,131.85000610351562,134.88999938964844,131.32000732421875,134.0800018310547,23237300
2023-10-02,134.0692901611328,135.1699981689453,135.36000061035156,132.06500244140625,132.15499877929688,19210400
2023-10-03,132.21450805664062,133.3000030517578,135.24000549316406,132.81500244140625,134.92999267578125,19628700
2023-10-04,135.1603546142578,136.27000427246094,136.57000732421875,133.42999267578125,133.66000366210938,22848000
2023-10-05,134.8826141357422,135.99000549316406,136.5,134.4550018310547,136.1300048828125,15922900
2023-10-06,137.60031127929688,138.72999572753906,139.18600463867188,134.94000244140625,134.94000244140625,20826700
2023-10-09,138.36402893066406,139.5,139.97000122070312,136.6999969482422,137.99000549316406,16599100
2023-10-10,138.0664825439453,139.1999969482422,140.74000549316406,138.42999267578125,139.50999450683594,19554900
2023-10-11,140.5460968017578,141.6999969482422,142.22000122070312,139.83999633789062,139.85000610351562,20146300
2023-10-12,139.14759826660156,140.2899932861328,142.3800048828125,139.4499969482422,142.16000366210938,18173100
2023-10-13,137.45155334472656,138.5800018310547,141.33999633789062,137.97000122070312,140.64999389648438,19438700
2023-10-16,139.34597778320312,140.49000549316406,140.90499877929688,139.32000732421875,139.72999572753906,17345600
2023-10-17,139.84190368652344,140.99000549316406,141.25,138.5290069580078,140.02999877929688,17424000
2023-10-18,138.14581298828125,139.27999877929688,141.99000549316406,138.7050018310547,140.75,18304900
2023-10-19,137.8482666015625,138.97999572753906,141.0050048828125,138.60000610351562,139.8000030517578,21831200
2023-10-20,135.62652587890625,136.74000549316406,139.0399932861328,136.2449951171875,138.58999633789062,24970300
2023-10-23,136.7770538330078,137.89999389648438,139.02000427246094,135.11000061035156,136.22999572753906,20780700
2023-10-24,138.97898864746094,140.1199951171875,140.7100067138672,138.75,139.16000366210938,26535200
2023-10-25,125.6385269165039,126.66999816894531,130.10000610351562,126.08999633789062,129.77000427246094,58796100
2023-10-26,122.434814453125,123.44000244140625,125.45999908447266,122.31999969482422,124.47000122070312,33907400
2023-10-27,122.3951416015625,123.4000015258789,124.44000244140625,121.45999908447266,124.02999877929688,37367700
2023-10-30,124.72600555419922,125.75,126.55000305175781,123.87999725341797,124.45999908447266,24165600
2023-10-31,124.27967071533203,125.30000305175781,126.55999755859375,123.92500305175781,126.2699966430664,21123400
2023-11-01,126.53118133544922,127.56999969482422,127.73999786376953,124.92500305175781,125.33999633789062,26536600
2023-11-02,127.53296661376953,128.5800018310547,130.08999633789062,128.11000061035156,129.55999755859375,24091700
2023-11-03,129.30838012695312,130.3699951171875,130.72999572753906,129.00999450683594,129.08999633789062,19529400
2023-11-06,130.3795928955078,131.4499969482422,131.55999755859375,129.92999267578125,130.22000122070312,15360400
2023-11-07,131.3218231201172,132.39999389648438,133.27999877929688,131.13999938964844,131.97999572753906,19223800
2023-11-08,132.17481994628906,133.25999450683594,133.5399932861328,132.16000366210938,132.36000061035156,15093600
2023-11-09,130.61764526367188,131.69000244140625,133.9600067138672,131.50999450683594,133.36000061035156,17976500
2023-11-10,132.9683380126953,134.05999755859375,134.27000427246094,130.8699951171875,131.52999877929688,20872900
2023-11-13,132.55174255371094,133.63999938964844,134.11000061035156,132.77000427246094,133.36000061035156,16409900
2023-11-14,134.32716369628906,135.42999267578125,137.24000549316406,135.10000610351562,135.64999389648438,22317300
2023-11-15,135.2694549560547,136.3800048828125,136.83999633789062,135.3300018310547,136.63999938964844,15840900
2023-11-16,137.570556640625,138.6999969482422,138.8800048828125,136.0800018310547,136.9600067138672,17615100
2023-11-17,135.8249053955078,136.94000244140625,138.0,135.47999572753906,137.82000732421875,25565300
2023-11-20,136.79690551757812,137.9199981689453,138.4250030517578,135.49000549316406,135.5,19569400
2023-11-21,137.49119567871094,138.6199951171875,138.96499633789062,137.7050018310547,137.94000244140625,17648100
2023-11-22,138.8798065185547,140.02000427246094,141.10000610351562,139.0,139.10000610351562,17306400
2023-11-24,137.09445190429688,138.22000122070312,139.677001953125,137.47000122070312,139.5399932861328,8828600
2023-11-27,136.9258575439453,138.0500030517578,139.6300048828125,137.5399932861328,137.57000732421875,17886400
2023-11-28,137.49119567871094,138.6199951171875,138.66000366210938,137.0399932861328,137.6300048828125,17046900
2023-11-29,135.28929138183594,136.39999389648438,139.6699981689453,136.2949981689453,138.98500061035156,21014700
2023-11-30,132.82945251464844,133.9199981689453,136.9600067138672,132.7899932861328,136.39999389648438,29913500
2023-12-01,132.23439025878906,133.32000732421875,133.5,132.15199279785156,133.32000732421875,24268000
2023-12-04,129.5662841796875,130.6300048828125,131.4499969482422,129.39999389648438,131.29400634765625,24117100
2023-12-05,131.3119354248047,132.38999938964844,133.5399932861328,129.72999572753906,130.3699951171875,19235100
2023-12-06,130.3597412109375,131.42999267578125,133.30999755859375,131.30999755859375,132.89999389648438,16360600
2023-12-07,137.32257080078125,138.4499969482422,140.0,136.22999572753906,136.60000610351562,38419400
2023-12-08,135.52732849121094,136.63999938964844,137.99000549316406,135.57000732421875,135.66000366210938,23016100
2023-12-11,133.60311889648438,134.6999969482422,134.7899932861328,132.88999938964844,133.82000732421875,24502900
2023-12-12,132.55174255371094,133.63999938964844,134.5399932861328,132.8300018310547,133.27000427246094,26584000
2023-12-13,132.87908935546875,133.97000122070312,134.77999877929688,132.9499969482422,134.5449981689453,25414500
2023-12-14,132.1153564453125,133.1999969482422,135.03500366210938,131.05999755859375,134.77000427246094,29619100
2023-12-15,132.7501220703125,133.83999633789062,134.8300018310547,132.6300048828125,132.9199981689453,58594000
2023-12-18,136.07284545898438,137.19000244140625,138.3800048828125,133.77000427246094,133.86000061035156,25699800
2023-12-19,136.9754638671875,138.10000610351562,138.77000427246094,137.4499969482422,138.0,20661000
2023-12-20,138.5227508544922,139.66000366210938,143.0780029296875,139.41000366210938,140.3300018310547,33507300
2023-12-21,140.64532470703125,141.8000030517578,142.02999877929688,140.47300720214844,140.77000427246094,18101500
2023-12-22,141.55783081054688,142.72000122070312,143.25,142.05499267578125,142.1300048828125,18513500
2023-12-26,141.65701293945312,142.82000732421875,143.94500732421875,142.5,142.97999572753906,11170100
2023-12-27,140.2882537841797,141.44000244140625,143.32000732421875,141.05099487304688,142.8300018310547,17288400
2023-12-28,140.12954711914062,141.27999877929688,142.27000427246094,140.8280029296875,141.85000610351562,12192500
2023-12-29,139.78240966796875,140.92999267578125,141.43499755859375,139.89999389648438,140.67999267578125,14881000
2024-01-02,138.42355346679688,139.55999755859375,140.61500549316406,137.74000549316406,139.60000610351562,20071900
2024-01-03,139.217041015625,140.36000061035156,141.08999633789062,138.42999267578125,138.60000610351562,18974300
2024-01-04,136.91592407226562,138.0399932861328,140.63499450683594,138.00999450683594,139.85000610351562,18253300
2024-01-05,136.27120971679688,137.38999938964844,138.80999755859375,136.85000610351562,138.3520050048828,15439500
2024-01-08,139.38563537597656,140.52999877929688,140.63999938964844,137.8800048828125,138.0,17645300
2024-01-09,141.39910888671875,142.55999755859375,142.8000030517578,139.7899932861328,140.05999755859375,19579700
2024-01-10,142.6290283203125,143.8000030517578,144.52499389648438,142.4600067138672,142.52000427246094,16641900
2024-01-11,142.5000762939453,143.6699981689453,146.66000366210938,142.21499633789062,144.89500427246094,17471100
2024-01-12,143.06544494628906,144.24000549316406,144.74000549316406,143.36000061035156,144.33999633789062,13998700
2024-01-16,142.90675354003906,144.0800018310547,145.83999633789062,143.05599975585938,143.42999267578125,19198900
2024-01-17,141.7264404296875,142.88999938964844,143.41000366210938,140.50999450683594,142.91000366210938,17884500
2024-01-18,143.80935668945312,144.99000549316406,145.5850067138672,143.35000610351562,143.44000244140625,18876800
2024-01-19,146.7650604248047,147.97000122070312,148.0399932861328,145.8000030517578,146.30499267578125,27181000
2024-01-22,146.50718688964844,147.7100067138672,150.01499938964844,147.5800018310547,148.7100067138672,21829200
2024-01-23,147.46926879882812,148.67999267578125,148.86000061035156,147.19000244140625,147.72000122070312,14113600
2024-01-24,149.12570190429688,150.35000610351562,151.57000732421875,149.83999633789062,150.2899932861328,19245000
2024-01-25,152.38890075683594,153.63999938964844,154.75999450683594,151.22000122070312,151.74000549316406,21495100
2024-01-26,152.5376739501953,153.7899932861328,154.11000061035156,152.8000030517578,152.8699951171875,19494500
2024-01-29,153.57913208007812,154.83999633789062,155.1999969482422,152.9199981689453,153.63999938964844,20909300
2024-01-30,151.8037109375,153.0500030517578,155.0399932861328,152.77499389648438,154.00999450683594,26578900
2024-01-31,140.64532470703125,141.8000030517578,145.58999633789062,141.5500030517578,145.38999938964844,43908600
2024-02-01,141.54791259765625,142.7100067138672,144.6199951171875,142.25999450683594,143.69000244140625,25526900
2024-02-02,142.3711395263672,143.5399932861328,143.8800048828125,138.1699981689453,140.88999938964844,42136100
2024-02-05,143.74981689453125,144.92999267578125,146.6699981689453,143.91000366210938,144.0399932861328,29254400
2024-02-06,144.22589111328125,145.41000366210938,146.74000549316406,144.52000427246094,145.9600067138672,21517700
2024-02-07,145.48556518554688,146.67999267578125,147.0,145.2100067138672,146.1199951171875,21436100
2024-02-08,146.0211944580078,147.22000122070312,147.61000061035156,146.4199981689453,146.97000122070312,18241300
2024-02-09,148.99673461914062,150.22000122070312,150.69500732421875,147.42999267578125,147.9499969482422,21877700
2024-02-12,147.51885986328125,148.72999572753906,150.58999633789062,148.55999755859375,149.5399932861328,17236100
2024-02-13,145.17808532714844,146.3699951171875,148.0399932861328,145.11000061035156,146.07000732421875,18138500
2024-02-14,145.94183349609375,147.13999938964844,147.8300018310547,145.55499267578125,147.3699951171875,16651800
2024-02-15,142.76788330078125,143.94000244140625,144.75999450683594,141.8800048828125,144.4600067138672,26724300
2024-02-16,140.6056365966797,141.75999450683594,144.47999572753906,141.52000427246094,144.2100067138672,21865100
2024-02-20,141.04202270507812,142.1999969482422,143.32899475097656,140.8000030517578,140.94000244140625,18625600
2024-02-21,142.668701171875,143.83999633789062,143.97999572753906,141.91000366210938,142.63999938964844,16440800
2024-02-22,144.1366424560547,145.32000732421875,146.1999969482422,144.00999450683594,146.1199951171875,23024700
2024-02-23,144.10687255859375,145.2899932861328,145.9550018310547,144.7899932861328,144.97000122070312,14519400
2024-02-26,137.6201629638672,138.75,143.83999633789062,138.74000549316406,143.4499969482422,33513000
2024-02-27,138.95913696289062,140.10000610351562,140.49000549316406,138.5,139.41000366210938,22364000
2024-02-28,136.31088256835938,137.42999267578125,139.27999877929688,136.63999938964844,139.10000610351562,30628700
2024-02-29,138.64173889160156,139.77999877929688,139.9499969482422,137.57000732421875,138.35000610351562,35485000
2024-03-01,136.95559692382812,138.0800018310547,140.0,137.97500610351562,139.61000061035156,28551500
2024-03-04,133.10720825195312,134.1999969482422,136.6300048828125,132.86000061035156,136.5399932861328,43571500
2024-03-05,132.6906280517578,133.77999877929688,134.02000427246094,131.5500030517578,132.74000549316406,28447600
2024-03-06,131.4805450439453,132.55999755859375,134.74000549316406,131.9499969482422,134.24000549316406,23175200
2024-03-07,134.1387176513672,135.24000549316406,135.82000732421875,132.66000366210938,133.88999938964844,24107300
2024-03-08,135.18016052246094,136.2899932861328,138.98500061035156,134.8000030517578,135.03500366210938,26495200
2024-03-11,137.80862426757812,138.94000244140625,139.97999572753906,137.07000732421875,137.07000732421875,22536400
2024-03-12,138.48306274414062,139.6199951171875,140.27999877929688,138.2100067138672,138.25,19019700
2024-03-13,139.6237030029297,140.77000427246094,142.19000244140625,140.00999450683594,140.05999755859375,19637000
2024-03-14,143.16461181640625,144.33999633789062,144.72999572753906,141.48500061035156,142.3000030517578,36117900
2024-03-15,141.01231384277344,142.1699981689453,144.33999633789062,141.1300048828125,143.41000366210938,41039500
2024-03-18,147.27090454101562,148.47999572753906,152.92999267578125,148.13999938964844,149.3699951171875,47676700
2024-03-19,146.7154998779297,147.9199981689453,149.6199951171875,147.00999450683594,148.97999572753906,17748400
2024-03-20,148.4611358642578,149.67999267578125,149.75999450683594,147.6649932861328,148.7899932861328,17730000
2024-03-21,147.52880859375,148.74000549316406,151.30499267578125,148.00999450683594,150.32000732421875,19843900
2024-03-22,150.5341339111328,151.77000427246094,152.55999755859375,150.08999633789062,150.24000549316406,19252900
2024-03-25,149.91917419433594,151.14999389648438,151.45599365234375,148.8000030517578,150.9499969482422,15114700
2024-03-26,150.46469116210938,151.6999969482422,153.1999969482422,151.02999877929688,151.24000549316406,19312700
2024-03-27,150.70272827148438,151.94000244140625,152.69000244140625,150.1300048828125,152.14500427246094,16622000
2024-03-28,151.02012634277344,152.25999450683594,152.6699981689453,151.3300018310547,152.0,21105600
2024-04-01,155.22560119628906,156.5,157.0,151.64999389648438,151.8300018310547,24469800
2024-04-02,154.60072326660156,155.8699951171875,155.99000549316406,153.4600067138672,154.75,17598100
2024-04-03,155.09664916992188,156.3699951171875,156.5500030517578,154.1320037841797,154.9199981689453,17266200
2024-04-04,150.70272827148438,151.94000244140625,156.17999267578125,151.8800048828125,155.0800018310547,24184800
2024-04-05,152.68646240234375,153.94000244140625,154.83999633789062,151.08099365234375,151.67999267578125,16297300
2024-04-08,154.8685302734375,156.13999938964844,156.65499877929688,153.99000549316406,154.01499938964844,16641500
2024-04-09,156.85223388671875,158.13999938964844,159.88999938964844,156.63999938964844,157.35000610351562,21521500
2024-04-10,156.37615966796875,157.66000366210938,158.16000366210938,156.1999969482422,157.8800048828125,16339200
2024-04-11,159.48068237304688,160.7899932861328,161.1199951171875,157.92999267578125,158.33999633789062,17841700
2024-04-12,157.89370727539062,159.19000244140625,161.6999969482422,158.60000610351562,159.40499877929688,16989800
2024-04-15,155.0570068359375,156.3300018310547,160.8300018310547,156.14999389648438,160.27999877929688,21140900
2024-04-16,154.72967529296875,156.0,157.22999572753906,155.0500030517578,155.63999938964844,15413200
2024-04-17,155.60252380371094,156.8800048828125,158.68099975585938,156.13499450683594,157.19000244140625,16237800
2024-04-18,156.1778106689453,157.4600067138672,158.48500061035156,156.2100067138672,156.9250030517578,14016100
2024-04-19,154.45193481445312,155.72000122070312,157.99000549316406,153.91000366210938,157.75,21479900
2024-04-22,156.66378784179688,157.9499969482422,159.18499755859375,155.66000366210938,156.00999450683594,17243900
2024-04-23,158.61776733398438,159.9199981689453,160.47999572753906,157.96499633789062,158.58999633789062,16115400
2024-04-24,159.7881622314453,161.10000610351562,161.38999938964844,158.82000732421875,159.08999633789062,19485700
2024-04-25,156.66378784179688,157.9499969482422,158.27999877929688,152.76800537109375,153.36000061035156,36197800
2024-04-26,172.27561950683594,173.69000244140625,176.4199981689453,171.39999389648438,175.99000549316406,56500800
2024-04-29,166.5327606201172,167.89999389648438,171.3800048828125,167.05999755859375,170.77000427246094,35914600
2024-04-30,163.29933166503906,164.63999938964844,169.8699951171875,164.5,167.3800048828125,29420800
2024-05-01,164.22174072265625,165.57000732421875,168.80999755859375,164.89999389648438,166.17999267578125,25223200
2024-05-02,167.08822631835938,168.4600067138672,168.52999877929688,165.69000244140625,166.6699981689453,17041100
2024-05-03,167.61390686035156,168.99000549316406,169.85000610351562,164.97999572753906,169.5399932861328,22767100
2024-05-06,168.44705200195312,169.8300018310547,169.89999389648438,167.88999938964844,169.22000122070312,15147900
2024-05-07,171.57142639160156,172.97999572753906,173.47000122070312,170.0,170.1199951171875,21102400
2024-05-08,169.76622009277344,171.16000366210938,171.90899658203125,170.52200317382812,170.75,14569900
2024-05-09,170.1828155517578,171.5800018310547,172.44000244140625,169.92999267578125,171.14999389648438,11937700
2024-05-10,168.90330505371094,170.2899932861328,171.33999633789062,167.91000366210938,169.69000244140625,18740500
2024-05-13,169.50833129882812,170.89999389648438,170.9499969482422,165.75999450683594,165.8470001220703,19648600
2024-05-14,170.52996826171875,171.92999267578125,172.77999877929688,170.4199981689453,171.58999633789062,18729500
2024-05-15,172.46409606933594,173.8800048828125,174.04600524902344,172.02999877929688,172.3000030517578,20958200
2024-05-16,174.00146484375,175.42999267578125,176.33999633789062,174.0500030517578,174.60000610351562,17247300
2024-05-17,175.84629821777344,177.2899932861328,177.4949951171875,174.97999572753906,175.5500030517578,16546400
2024-05-20,177.0067596435547,178.4600067138672,179.9499969482422,177.22500610351562,177.30999755859375,17495100
2024-05-21,178.0780029296875,179.5399932861328,179.82000732421875,177.30999755859375,178.39999389648438,14706000
2024-05-22,176.55052185058594,178.0,178.8520050048828,176.77999877929688,178.39999389648438,16189400
2024-05-23,173.63446044921875,175.05999755859375,179.91000366210938,174.5399932861328,178.77999877929688,14928400
2024-05-24,174.89414978027344,176.3300018310547,177.3040008544922,175.1999969482422,176.52000427246094,11403600
2024-05-28,176.5703582763672,178.02000427246094,178.50999450683594,175.67999267578125,175.74000549316406,15655300
2024-05-29,175.9553985595703,177.39999389648438,178.22999572753906,176.25999450683594,176.80999755859375,15023800
2024-05-30,172.1466827392578,173.55999755859375,176.69000244140625,173.22999572753906,176.69000244140625,18826300
2024-05-31,172.54342651367188,173.9600067138672,174.4199981689453,170.97000122070312,173.39999389648438,28085200
2024-06-03,172.9997100830078,174.4199981689453,175.86000061035156,172.4499969482422,173.8800048828125,20742800
2024-06-04,173.70391845703125,175.1300048828125,175.19000244140625,173.22000122070312,174.4499969482422,14066600
2024-06-05,175.62811279296875,177.07000732421875,177.97000122070312,175.2899932861328,176.53500366210938,15233900
2024-06-06,176.89768981933594,178.35000610351562,178.7100067138672,177.2100067138672,177.42999267578125,14255800
2024-06-07,174.51724243164062,175.9499969482422,179.4199981689453,175.7899932861328,178.4600067138672,14716300
2024-06-10,175.3910369873047,176.6300048828125,178.47000122070312,174.3800048828125,176.4499969482422,17099800
2024-06-11,176.94009399414062,178.19000244140625,178.38999938964844,175.44000244140625,177.72000122070312,14402400
2024-06-12,178.3004913330078,179.55999755859375,182.0800018310547,177.77999877929688,179.75,18600400
2024-06-13,175.50027465820312,176.74000549316406,178.50999450683594,176.66000366210938,177.83999633789062,15956900
2024-06-14,177.11883544921875,178.3699951171875,178.72999572753906,175.8520050048828,175.8520050048828,12361600
2024-06-17,177.5259552001953,178.77999877929688,179.9199981689453,176.49000549316406,176.97999572753906,15272900
2024-06-18,175.21231079101562,176.4499969482422,178.91000366210938,175.6199951171875,178.7899932861328,15640300
2024-06-20,176.46347045898438,177.7100067138672,178.74000549316406,176.4600067138672,176.7100067138672,16753200
2024-06-21,178.99557495117188,180.25999450683594,182.51199340820312,178.05999755859375,178.49000549316406,58903200
2024-06-24,179.52186584472656,180.7899932861328,182.0800018310547,180.22999572753906,181.27999877929688,18198300
2024-06-25,184.27828979492188,185.5800018310547,185.75,181.10499572753906,181.14500427246094,18797000
2024-06-26,184.06971740722656,185.3699951171875,185.92999267578125,183.99000549316406,184.1999969482422,13375700
2024-06-27,185.54928588867188,186.86000061035156,187.5,185.4499969482422,185.64500427246094,13025700
2024-06-28,182.13340759277344,183.4199981689453,186.5800018310547,183.3249969482422,185.72000122070312,23032400
2024-07-01,183.1959228515625,184.49000549316406,185.33999633789062,182.72999572753906,184.47999572753906,11815900
2024-07-02,185.30105590820312,186.61000061035156,186.9499969482422,183.05999755859375,183.47000122070312,12555500
2024-07-03,186.07554626464844,187.38999938964844,187.6199951171875,185.38499450683594,186.3000030517578,7409100
2024-07-05,190.613525390625,191.9600067138672,192.25999450683594,187.32000732421875,187.32000732421875,14303400
2024-07-08,189.14390563964844,190.47999572753906,191.6790008544922,189.32000732421875,191.36500549316406,12097600
2024-07-09,189.10418701171875,190.44000244140625,192.86000061035156,190.22999572753906,191.75,10198500
2024-07-10,191.30860900878906,192.66000366210938,193.30999755859375,190.6199951171875,190.75,12052900
2024-07-11,185.98623657226562,187.3000030517578,192.41000366210938,186.82000732421875,191.33999633789062,16452000
2024-07-12,185.4698486328125,186.77999877929688,188.69000244140625,186.13999938964844,186.9199981689453,14449100
2024-07-15,186.86997985839844,188.19000244140625,189.89999389648438,186.49000549316406,186.49000549316406,12186000
2024-07-16,184.19882202148438,185.5,190.33999633789062,185.1199951171875,188.9600067138672,12760100
2024-07-17,181.3390350341797,182.6199951171875,185.22999572753906,181.6199951171875,184.67999267578125,17376600
2024-07-18,177.962890625,179.22000122070312,184.0500030517578,178.2100067138672,183.5399932861328,17877200
2024-07-19,178.1316680908203,179.38999938964844,181.97000122070312,178.86000061035156,180.3699951171875,14485900
2024-07-22,182.0639190673828,183.35000610351562,184.3000030517578,181.89999389648438,182.35000610351562,16303900
2024-07-23,182.3121795654297,183.60000610351562,185.22000122070312,183.3300018310547,183.83999633789062,23772600
2024-07-24,173.14691162109375,174.3699951171875,177.9499969482422,173.57000732421875,175.38999938964844,31250700
2024-07-25,167.9734344482422,169.16000366210938,175.1999969482422,169.0500030517578,174.25,28967900
2024-07-26,167.496826171875,168.67999267578125,169.83999633789062,165.86500549316406,168.77000427246094,25150100
2024-07-29,169.9296417236328,171.1300048828125,172.16000366210938,169.72000122070312,170.5,13768900
2024-07-30,170.6544952392578,171.86000061035156,172.9499969482422,170.1199951171875,171.8300018310547,13681400
2024-07-31,171.93544006347656,173.14999389648438,175.91000366210938,171.72000122070312,174.9199981689453,15650200
2024-08-01,171.2403564453125,172.4499969482422,175.67999267578125,170.50999450683594,171.97999572753906,17177800
2024-08-02,167.21878051757812,168.39999389648438,170.2100067138672,166.38999938964844,168.19000244140625,18907800
2024-08-05,159.51319885253906,160.63999938964844,165.94000244140625,156.60000610351562,157.3699951171875,34907800
2024-08-06,159.41390991210938,160.5399932861328,162.35000610351562,158.1300048828125,160.94500732421875,36146500
2024-08-07,159.62245178222656,160.75,164.7899932861328,160.24000549316406,163.24000549316406,19334200
2024-08-08,162.69076538085938,163.83999633789062,165.5,162.02999877929688,162.343994140625,15733600
2024-08-09,164.22988891601562,165.38999938964844,165.52000427246094,160.92999267578125,161.64500427246094,13549200
2024-08-12,162.79998779296875,163.9499969482422,166.6999969482422,163.5500030517578,165.9949951171875,12435000
2024-08-13,164.76609802246094,165.92999267578125,166.5399932861328,164.77000427246094,165.18499755859375,12717600
2024-08-14,160.89344787597656,162.02999877929688,164.9600067138672,159.52999877929688,164.2100067138672,22515900
2024-08-15,162.0254669189453,163.1699981689453,163.52000427246094,161.49000549316406,162.2100067138672,18392500
2024-08-16,163.58444213867188,164.74000549316406,166.9499969482422,163.0800018310547,163.41000366210938,16853100
2024-08-19,167.21878051757812,168.39999389648438,168.47000122070312,166.08999633789062,167.0,13100800
2024-08-20,167.7748565673828,168.9600067138672,170.41000366210938,168.66000366210938,168.74000549316406,12622500
2024-08-21,166.45419311523438,167.6300048828125,168.63999938964844,166.57000732421875,166.99000549316406,15269600
2024-08-22,164.32919311523438,165.49000549316406,169.4199981689453,165.02999877929688,169.0399932861328,19123800
2024-08-23,166.2555694580078,167.42999267578125,167.9499969482422,165.66000366210938,166.5500030517578,14281600
2024-08-26,166.7520751953125,167.92999267578125,169.3800048828125,166.32000732421875,168.15499877929688,11990300
2024-08-27,165.2129669189453,166.3800048828125,168.2449951171875,166.16000366210938,167.61000061035156,13718200
2024-08-28,163.34613037109375,164.5,167.38999938964844,163.27999877929688,166.77999877929688,15208700
2024-08-29,162.2538299560547,163.39999389648438,167.6300048828125,161.98199462890625,166.05999755859375,17133800
2024-08-30,163.95187377929688,165.11000061035156,165.27999877929688,163.41000366210938,164.22000122070312,18498800
2024-09-03,157.4974365234375,158.61000061035156,163.3800048828125,157.85499572753906,163.31500244140625,26533100
2024-09-04,156.70306396484375,157.80999755859375,160.39999389648438,157.44000244140625,158.0749969482422,17410700
2024-09-05,157.48751831054688,158.60000610351562,161.01499938964844,157.52000427246094,157.77999877929688,14139500
2024-09-06,151.06289672851562,152.1300048828125,159.22000122070312,151.93499755859375,158.69000244140625,24999100
2024-09-09,148.68650817871094,149.5399932861328,154.63999938964844,148.1999969482422,153.6300048828125,28057700
2024-09-10,149.15383911132812,150.00999450683594,152.3000030517578,149.54299926757812,151.4499969482422,20401800
2024-09-11,151.2816162109375,152.14999389648438,152.47999572753906,148.6999969482422,151.08999633789062,18991500
2024-09-12,154.6522674560547,155.5399932861328,155.61000061035156,153.5,154.80999755859375,20980800
2024-09-13,157.4661407470703,158.3699951171875,159.27499389648438,156.11000061035156,156.36199951171875,16733900
2024-09-16,158.08261108398438,158.99000549316406,159.24000549316406,157.61000061035156,158.3300018310547,14157600
2024-09-17,159.36524963378906,160.27999877929688,161.58999633789062,159.41000366210938,160.08999633789062,12064800
2024-09-18,159.8922119140625,160.80999755859375,161.6300048828125,159.66000366210938,160.85000610351562,16756500
2024-09-19,162.30836486816406,163.24000549316406,164.99000549316406,162.52200317382812,164.82000732421875,17548200
2024-09-20,163.70033264160156,164.63999938964844,164.75,163.17999267578125,164.52000427246094,46362700
2024-09-23,162.1393280029297,163.07000732421875,166.61000061035156,162.9499969482422,165.33999633789062,15648400
2024-09-24,162.70606994628906,163.63999938964844,164.5500030517578,162.02999877929688,164.25,18774100
2024-09-25,162.05978393554688,162.99000549316406,164.2169952392578,162.77499389648438,162.97000122070312,13607900
2024-09-26,162.89500427246094,163.8300018310547,165.5,163.5,165.02999877929688,18234500
2024-09-27,164.3466339111328,165.2899932861328,166.97000122070312,163.8300018310547,163.91000366210938,13604300
2024-09-30,166.23580932617188,167.19000244140625,167.36000061035156,164.63999938964844,164.77999877929688,14070100
2024-10-01,167.4587860107422,168.4199981689453,170.44000244140625,165.89999389648438,168.86000061035156,18629500
2024-10-02,166.35511779785156,167.30999755859375,168.8800048828125,166.25,167.75999450683594,12745000
2024-10-03,166.2556915283203,167.2100067138672,167.91000366210938,165.3699951171875,165.82000732421875,11004300
2024-10-04,167.59799194335938,168.55999755859375,169.5500030517578,166.9600067138672,169.33999633789062,11422100
2024-10-07,163.4517822265625,164.38999938964844,169.89999389648438,164.1300048828125,169.13999938964844,14034700
2024-10-08,164.7542724609375,165.6999969482422,166.10000610351562,164.30999755859375,165.42999267578125,11723900
2024-10-09,162.12937927246094,163.05999755859375,166.25999450683594,161.1199951171875,164.85499572753906,19666400
2024-10-10,162.24868774414062,163.17999267578125,164.31100463867188,161.63999938964844,162.11000061035156,12900500
2024-10-11,163.5810546875,164.52000427246094,165.27000427246094,162.5,163.3300018310547,10946000
2024-10-14,165.40061950683594,166.35000610351562,167.6199951171875,164.77999877929688,164.91000366210938,9981800
2024-10-15,165.9474334716797,166.89999389648438,169.08999633789062,166.0500030517578,167.13999938964844,14829300
2024-10-16,165.78839111328125,166.74000549316406,167.27999877929688,165.21600341796875,166.02999877929688,9968500
2024-10-17,163.5710906982422,164.50999450683594,167.92999267578125,164.3699951171875,167.3800048828125,15113400
2024-10-18,164.10800170898438,165.0500030517578,166.3699951171875,164.75,164.8699951171875,13091300
2024-10-21,164.85374450683594,165.8000030517578,166.22000122070312,164.30499267578125,164.5800018310547,11384000
2024-10-22,165.867919921875,166.82000732421875,167.47000122070312,164.6699981689453,164.6999969482422,11958600
2024-10-23,163.54127502441406,164.47999572753906,167.60000610351562,163.63299560546875,166.42999267578125,12754300
2024-10-24,163.5909881591797,164.52999877929688,165.0500030517578,162.77000427246094,164.58999633789062,12764400
2024-10-25,166.0369415283203,166.99000549316406,167.39999389648438,165.22999572753906,165.36500549316406,14566400
2024-10-28,167.3792266845703,168.33999633789062,170.6060028076172,165.7899932861328,170.58999633789062,20858300
2024-10-29,170.1632537841797,171.13999938964844,171.86000061035156,168.66000366210938,169.38499450683594,28916100
2024-10-30,175.13473510742188,176.13999938964844,183.7899932861328,175.7449951171875,182.41000366210938,49698300
2024-10-31,171.7044219970703,172.69000244140625,178.4199981689453,172.55999755859375,174.72000122070312,32801900
2024-11-01,171.66464233398438,172.64999389648438,173.82000732421875,170.30999755859375,171.5399932861328,21752900
2024-11-04,169.70587158203125,170.67999267578125,171.9199981689453,169.48500061035156,171.24000549316406,16194000
2024-11-05,170.43173217773438,171.41000366210938,172.0970001220703,170.3699951171875,170.8300018310547,12518300
2024-11-06,177.31222534179688,178.3300018310547,178.63999938964844,175.0399932861328,175.35000610351562,27061500
2024-11-07,181.2396697998047,182.27999877929688,182.5800018310547,178.88999938964844,179.11000061035156,16730400
2024-11-08,178.83349609375,179.86000061035156,182.35000610351562,179.57000732421875,182.0,15021500
2024-11-11,180.93145751953125,181.97000122070312,182.0850067138672,179.99000549316406,180.07000732421875,12503400
2024-11-12,182.27374267578125,183.32000732421875,184.02499389648438,180.99000549316406,181.3800048828125,14065800
2024-11-13,179.4599151611328,180.49000549316406,182.61500549316406,180.1199951171875,182.14999389648438,13969700
2024-11-14,176.33782958984375,177.35000610351562,180.44500732421875,176.02999877929688,179.75,17925800
2024-11-15,172.89755249023438,173.88999938964844,175.8800048828125,172.7449951171875,175.63999938964844,21708900
2024-11-18,175.7909698486328,176.8000030517578,176.91000366210938,174.4199981689453,174.9550018310547,18662800
2024-11-19,178.55508422851562,179.5800018310547,180.1699981689453,175.11599731445312,175.23500061035156,15392900
2024-11-20,176.31793212890625,177.3300018310547,179.11000061035156,175.3300018310547,178.8300018310547,15729800
2024-11-21,168.2741241455078,169.24000549316406,175.5800018310547,165.30999755859375,175.4550018310547,38839400
2024-11-22,165.61935424804688,166.57000732421875,168.26499938964844,165.7100067138672,167.16000366210938,24497000
2024-11-25,168.46302795410156,169.42999267578125,170.4600067138672,167.39999389648438,167.99000549316406,21395700
2024-11-26,169.64622497558594,170.6199951171875,171.4949951171875,169.42999267578125,169.49000549316406,14937500
2024-11-27,169.84510803222656,170.82000732421875,171.13999938964844,169.6699981689453,170.67999267578125,12433400
2024-11-29,169.51698303222656,170.49000549316406,170.8699951171875,168.75,170.05999755859375,9250700
2024-12-02,171.99276733398438,172.97999572753906,173.60000610351562,170.27000427246094,170.32000732421875,16593400
2024-12-03,172.03253173828125,173.02000427246094,174.32000732421875,172.50999450683594,173.1199951171875,15721500
2024-12-04,175.0850067138672,176.08999633789062,176.42999267578125,172.75,172.77999877929688,18239800
2024-12-05,173.31515502929688,174.30999755859375,177.7100067138672,174.00999450683594,177.32000732421875,16145500
2024-12-06,175.4827423095703,176.49000549316406,176.83900451660156,173.5500030517578,173.8800048828125,13319500
2024-12-09,176.2890167236328,177.10000610351562,178.0399932861328,175.39999389648438,175.71499633789062,19887800
2024-12-10,185.67584228515625,186.52999877929688,188.02999877929688,182.6699981689453,184.53500366210938,34317400
2024-12-11,195.80923461914062,196.7100067138672,196.88999938964844,186.25999450683594,186.6999969482422,41664500
2024-12-12,192.7433319091797,193.6300048828125,196.7050018310547,193.27999877929688,196.3000030517578,25197800
2024-12-13,190.50360107421875,191.3800048828125,194.33999633789062,191.25999450683594,192.7100067138672,18883200
2024-12-16,197.25257873535156,198.16000366210938,200.63999938964844,194.11000061035156,194.36500549316406,32248600
2024-12-17,196.2173309326172,197.1199951171875,202.8800048828125,196.69000244140625,198.52999877929688,24129500
2024-12-18,189.2792510986328,190.14999389648438,198.69000244140625,189.27999877929688,196.8300018310547,27638400
2024-12-19,188.83132934570312,189.6999969482422,194.60000610351562,189.52000427246094,193.27999877929688,26981200
2024-12-20,192.07638549804688,192.9600067138672,194.13499450683594,186.3699951171875,187.00999450683594,45319700
2024-12-23,195.09251403808594,195.99000549316406,196.49000549316406,191.6300048828125,194.02999877929688,15235900
2024-12-24,196.66529846191406,197.57000732421875,197.6699981689453,195.197998046875,196.1699981689453,6809800
2024-12-26,196.19744873046875,197.10000610351562,198.16000366210938,195.8699951171875,196.74000549316406,7907900
2024-12-27,193.1514434814453,194.0399932861328,196.8000030517578,191.9720001220703,196.47000122070312,14693000
2024-12-30,191.80764770507812,192.69000244140625,193.77999877929688,190.36000061035156,190.86500549316406,12209500
2024-12-31,189.5679168701172,190.44000244140625,193.25,189.5800018310547,192.44500732421875,14355200
2025-01-02,189.75704956054688,190.6300048828125,193.1999969482422,188.7100067138672,191.48500061035156,17545200
2025-01-03,192.24562072753906,193.1300048828125,194.5,191.35000610351562,192.72500610351562,12875000
2025-01-06,197.05349731445312,197.9600067138672,199.55999755859375,195.05999755859375,195.14999389648438,19483300
2025-01-07,195.80923461914062,196.7100067138672,202.13999938964844,195.94000244140625,198.27000427246094,16966800
2025-01-08,194.49526977539062,195.38999938964844,197.63999938964844,193.75,193.9499969482422,14335300
2025-01-10,192.28543090820312,193.1699981689453,197.6199951171875,191.60000610351562,195.4199981689453,20753800
2025-01-13,191.40943908691406,192.2899932861328,192.49000549316406,188.66000366210938,191.35000610351562,13169100
2025-01-14,190.17514038085938,191.0500030517578,193.27000427246094,189.63999938964844,192.5,13651200
2025-01-15,196.07797241210938,196.97999572753906,197.8000030517578,193.3300018310547,194.35000610351562,12894900
2025-01-16,193.51974487304688,194.41000366210938,196.97999572753906,194.3000030517578,195.8249969482422,13449600
2025-01-17,196.64537048339844,197.5500030517578,198.80999755859375,195.30999755859375,198.0500030517578,22109100
2025-01-21,198.71583557128906,199.6300048828125,203.83999633789062,199.44000244140625,200.50999450683594,19005200
2025-01-22,199.114013671875,200.02999877929688,202.1199951171875,199.1999969482422,200.5500030517578,15477400
2025-01-23,198.66607666015625,199.5800018310547,201.94000244140625,196.82000732421875,199.97999572753906,15170800
2025-01-24,200.9754638671875,201.89999389648438,202.57000732421875,199.78399658203125,199.85000610351562,12732400
2025-01-27,192.8826904296875,193.77000427246094,198.6699981689453,192.6999969482422,194.19000244140625,24970200
2025-01-28,196.16757202148438,197.07000732421875,197.22999572753906,192.61000061035156,194.64999389648438,15939200
2025-01-29,196.27706909179688,197.17999267578125,198.4600067138672,195.19000244140625,197.3699951171875,12287800
2025-01-30,201.70211791992188,202.6300048828125,203.23800659179688,199.4720001220703,199.75999450683594,14571500
2025-01-31,204.6585235595703,205.60000610351562,207.0800018310547,203.5800018310547,203.71499633789062,17060300
2025-02-03,201.71205139160156,202.63999938964844,205.22000122070312,201.66000366210938,202.21499633789062,16719500
2025-02-04,206.7588348388672,207.7100067138672,208.6999969482422,204.25999450683594,204.5,28285400
2025-02-05,192.4148406982422,193.3000030517578,194.5500030517578,189.91000366210938,193.10000610351562,43666400
2025-02-06,192.42477416992188,193.30999755859375,193.8300018310547,190.49000549316406,190.99000549316406,20816600
2025-02-07,186.2830352783203,187.13999938964844,193.01499938964844,185.10000610351562,192.74000549316406,29565700
2025-02-10,187.3381805419922,188.1999969482422,189.99000549316406,187.61000061035156,189.05999755859375,16606000
2025-02-11,186.21337890625,187.07000732421875,188.8000030517578,186.0800018310547,186.8350067138672,13028100
2025-02-12,184.58087158203125,185.42999267578125,186.8300018310547,183.6300048828125,185.22999572753906,17632300
2025-02-13,187.0196533203125,187.8800048828125,187.99000549316406,184.8800048828125,185.92999267578125,12729300
2025-02-14,186.01426696777344,186.8699951171875,188.14999389648438,186.11000061035156,186.8300018310547,12714200
2025-02-18,184.9491729736328,185.8000030517578,187.77999877929688,183.5800018310547,187.44000244140625,19796000
2025-02-19,186.27308654785156,187.1300048828125,187.36000061035156,185.5,186.18499755859375,13120500
2025-02-20,185.7853240966797,186.63999938964844,187.1199951171875,184.60000610351562,186.5,12063800
2025-02-21,180.7484893798828,181.5800018310547,187.47000122070312,181.1300048828125,187.2899932861328,19520800
2025-02-24,180.36029052734375,181.19000244140625,185.08999633789062,180.8800048828125,183.8000030517578,18734000
2025-02-25,176.5577850341797,177.3699951171875,180.75999450683594,176.77000427246094,180.15499877929688,20832500
2025-02-26,173.89999389648438,174.6999969482422,178.0800018310547,173.58999633789062,176.94500732421875,23637200
2025-02-27,169.43057250976562,170.2100067138672,176.58999633789062,169.7519989013672,175.94000244140625,25930500
2025-02-28,171.43136596679688,172.22000122070312,172.5,168.38999938964844,170.3000030517578,30049800
2025-03-03,167.88766479492188,168.66000366210938,175.0,167.63999938964844,173.72999572753906,24122000
2025-03-04,171.81956481933594,172.61000061035156,175.1649932861328,167.5399932861328,167.94000244140625,30711400
2025-03-05,174.18869018554688,174.99000549316406,175.75,170.92999267578125,172.32000732421875,18848000
2025-03-06,173.41226196289062,174.2100067138672,176.72999572753906,172.50799560546875,172.5500030517578,19082400
2025-03-07,174.94520568847656,175.75,176.89999389648438,172.25,173.24200439453125,16395300
2025-03-10,167.2318572998047,167.80999755859375,170.4499969482422,165.56500244140625,170.16000366210938,28990700
2025-03-11,165.4081573486328,165.97999572753906,168.65499877929688,163.24000549316406,166.67999267578125,23705900
2025-03-12,168.4177703857422,169.0,169.52999877929688,165.47999572753906,168.47000122070312,19880100
2025-03-13,164.1624755859375,164.72999572753906,168.1199951171875,164.07000732421875,167.97999572753906,15206200
2025-03-14,167.0425262451172,167.6199951171875,168.25,164.50999450683594,165.31500244140625,18611100
2025-03-17,165.9961395263672,166.57000732421875,168.4600067138672,165.80999755859375,167.3249969482422,17839100
2025-03-18,162.1095733642578,162.6699981689453,166.44000244140625,158.8000030517578,165.9600067138672,24616800
2025-03-19,165.70713806152344,166.27999877929688,168.13299560546875,163.0500030517578,163.9149932861328,24955700
2025-03-20,164.48138427734375,165.0500030517578,167.02999877929688,163.13999938964844,163.8249969482422,19981500
2025-03-21,165.67723083496094,166.25,166.47000122070312,163.02999877929688,163.3800048828125,29882100
2025-03-24,169.34454345703125,169.92999267578125,170.5,167.44000244140625,169.26499938964844,18742800
2025-03-25,172.1947021484375,172.7899932861328,172.91000366210938,170.5500030517578,171.17999267578125,13841600
2025-03-26,166.5641632080078,167.13999938964844,171.94000244140625,166.86099243164062,171.3000030517578,22498000
2025-03-27,163.51470947265625,164.0800018310547,167.44000244140625,163.85000610351562,166.7100067138672,21571200
2025-03-28,155.5223388671875,156.05999755859375,163.80999755859375,155.33900451660156,162.36000061035156,34866500
2025-03-31,155.69174194335938,156.22999572753906,157.1300048828125,152.2100067138672,154.80999755859375,33591600
2025-04-01,158.33262634277344,158.8800048828125,160.0800018310547,155.2550048828125,155.3000030517578,20111400
2025-04-02,158.31271362304688,158.86000061035156,160.27499389648438,156.52999877929688,156.9600067138672,17113300
2025-04-03,152.10415649414062,152.6300048828125,154.68699645996094,152.17999267578125,152.8350067138672,28416100
2025-04-04,147.23101806640625,147.74000549316406,153.08999633789062,147.5399932861328,149.89999389648438,39832200
2025-04-07,148.72586059570312,149.24000549316406,154.92999267578125,142.66000366210938,143.38999938964844,47823000
2025-04-08,146.07501220703125,146.5800018310547,154.44000244140625,145.2100067138672,153.5749969482422,35304400
2025-04-09,160.50511169433594,161.05999755859375,161.8699951171875,145.80999755859375,146.3300018310547,46479500
2025-04-10,154.83473205566406,155.3699951171875,160.02999877929688,152.1999969482422,158.75999450683594,35270500
2025-04-11,158.850830078125,159.39999389648438,159.86000061035156,155.5850067138672,155.5850067138672,22582000
2025-04-14,160.91371154785156,161.47000122070312,164.02999877929688,159.9199981689453,162.30999755859375,18255900
2025-04-15,158.13330078125,158.67999267578125,162.0500030517578,157.64500427246094,161.57000732421875,15690800
2025-04-16,154.9642791748047,155.5,158.17999267578125,153.91000366210938,155.47000122070312,16921500
2025-04-17,152.83163452148438,153.36000061035156,157.07000732421875,150.89999389648438,156.61000061035156,19513400
2025-04-21,149.3437042236328,149.86000061035156,151.05999755859375,148.39999389648438,150.96499633789062,16147800
2025-04-22,153.3697967529297,153.89999389648438,154.61000061035156,150.8699951171875,151.07000732421875,15910300
2025-04-23,157.17660522460938,157.72000122070312,160.02000427246094,156.35000610351562,157.91000366210938,18575700
2025-04-24,160.91371154785156,161.47000122070312,161.7100067138672,158.08999633789062,158.52499389648438,30787500
2025-04-25,163.28550720214844,163.85000610351562,168.24000549316406,163.0,167.10000610351562,35148100
2025-04-28,161.86041259765625,162.4199981689453,164.9499969482422,160.3800048828125,164.25999450683594,20871200
2025-04-29,161.5016632080078,162.05999755859375,162.67999267578125,159.38999938964844,162.0449981689453,15955200
2025-04-30,160.335693359375,160.88999938964844,161.37399291992188,157.15499877929688,159.86000061035156,20639500
2025-05-01,162.22914123535156,162.7899932861328,163.94000244140625,160.92999267578125,162.52000427246094,21904300
2025-05-02,165.23875427246094,165.80999755859375,166.6999969482422,163.66000366210938,164.9550018310547,16844900
2025-05-05,165.47792053222656,166.0500030517578,167.10000610351562,164.47000122070312,164.51499938964844,15309300
2025-05-06,164.630859375,165.1999969482422,166.74000549316406,163.1300048828125,163.9600067138672,10691900
2025-05-07,152.27357482910156,152.8000030517578,166.99000549316406,149.49000549316406,166.07000732421875,78729800
2025-05-08,155.21339416503906,155.75,157.41000366210938,154.10000610351562,155.9199981689453,38387500
2025-05-09,153.84814453125,154.3800048828125,156.42999267578125,153.8300018310547,155.5500030517578,22871000
2025-05-12,159.03021240234375,159.5800018310547,160.44000244140625,157.88999938964844,159.10000610351562,31884900
2025-05-13,160.335693359375,160.88999938964844,162.05999755859375,157.5800018310547,159.9199981689453,24944300
2025-05-14,166.2353057861328,166.80999755859375,168.33999633789062,160.92999267578125,161.30999755859375,31769200
2025-05-15,164.8301544189453,165.39999389648438,167.50999450683594,163.83999633789062,167.13999938964844,22717600
2025-05-16,166.85316467285156,167.42999267578125,170.64999389648438,166.9499969482422,168.92999267578125,36271400
2025-05-19,167.29165649414062,167.8699951171875,167.9499969482422,165.4149932861328,165.71499633789062,21374700
2025-05-20,164.75045776367188,165.32000732421875,169.67999267578125,164.25999450683594,167.75999450683594,33563300
2025-05-21,169.47412109375,170.05999755859375,174.52999877929688,164.88999938964844,164.9499969482422,45567600
2025-05-22,171.38748168945312,171.97999572753906,178.1300048828125,171.8800048828125,173.35000610351562,45024100
2025-05-23,169.0057373046875,169.58999633789062,171.2050018310547,169.25999450683594,170.27999877929688,24963600
2025-05-27,173.38059997558594,173.97999572753906,174.2899932861328,171.2100067138672,171.3000030517578,24341300
2025-05-28,172.7826690673828,173.3800048828125,176.47999572753906,173.01499938964844,173.97999572753906,25999200
2025-05-29,172.36412048339844,172.9600067138672,175.39999389648438,171.77999877929688,175.0,21174700
2025-05-30,172.25450134277344,172.85000610351562,173.44000244140625,168.52499389648438,172.41000366210938,36258300
2025-06-02,169.7830352783203,170.3699951171875,171.06199645996094,168.64999389648438,169.00999450683594,24742900
2025-06-03,167.13221740722656,167.7100067138672,169.8000030517578,166.67999267578125,168.86500549316406,25386700
2025-06-04,168.80642700195312,169.38999938964844,169.5800018310547,167.7949981689453,168.27999877929688,18508700
2025-06-05,169.2249755859375,169.80999755859375,172.36000061035156,169.35000610351562,171.6199951171875,25375400
2025-06-06,174.31735229492188,174.9199981689453,175.8300018310547,172.3000030517578,172.3000030517578,22258100
2025-06-09,177.23081970214844,177.6300048828125,177.9149932861328,175.66000366210938,175.8699951171875,18817600
2025-06-10,179.60545349121094,180.00999450683594,182.44500732421875,176.47500610351562,177.75999450683594,32908000
2025-06-11,178.38818359375,178.7899932861328,181.75,178.0,181.22999572753906,18994400
2025-06-12,176.57228088378906,176.97000122070312,178.1300048828125,176.11000061035156,177.47999572753906,17345900
2025-06-13,175.4847412109375,175.8800048828125,178.34300231933594,173.57000732421875,173.5800018310547,20873200
2025-06-16,177.5401153564453,177.94000244140625,178.2449951171875,175.82000732421875,175.90499877929688,18132500
2025-06-17,176.83169555664062,177.22999572753906,178.71499633789062,175.94000244140625,177.0,17656100
2025-06-18,173.58900451660156,173.97999572753906,177.82400512695312,172.83999633789062,177.27999877929688,32531800
2025-06-20,167.35304260253906,167.72999572753906,175.36500549316406,166.27000427246094,174.86500549316406,55402600
2025-06-23,165.6369171142578,166.00999450683594,168.47999572753906,163.3300018310547,167.32000732421875,36975600
2025-06-24,167.363037109375,167.74000549316406,169.25,166.91000366210938,167.68499755859375,27310300
2025-06-25,171.1046142578125,171.49000549316406,173.36000061035156,168.56100463867188,168.64999389648438,23627400
2025-06-26,174.03797912597656,174.42999267578125,174.64999389648438,170.86000061035156,173.38499450683594,25909100
2025-06-27,177.86936950683594,178.27000427246094,178.83999633789062,172.7100067138672,174.6300048828125,74053100
2025-06-30,176.99134826660156,177.38999938964844,181.5800018310547,175.5,180.78500366210938,43964600
2025-07-01,176.51243591308594,176.91000366210938,177.22000122070312,174.66000366210938,176.80499267578125,25778500
2025-07-02,179.3560028076172,179.75999450683594,179.93499755859375,176.08999633789062,176.5449981689453,19325900
2025-07-03,180.1442413330078,180.5500030517578,180.77000427246094,178.19000244140625,179.82000732421875,13287400
2025-07-07,177.1609649658203,177.55999755859375,180.33999633789062,176.63999938964844,180.13499450683594,20991400
2025-07-08,174.766357421875,175.16000366210938,178.7899932861328,173.9199981689453,178.77999877929688,24108600
2025-07-09,177.2607421875,177.66000366210938,180.27999877929688,173.8800048828125,176.11000061035156,31288000
2025-07-10,178.2983856201172,178.6999969482422,179.58999633789062,175.74000549316406,176.6699981689453,24693700
2025-07-11,180.9025421142578,181.30999755859375,182.61000061035156,177.54100036621094,177.91000366210938,23975700
2025-07-14,182.399169921875,182.80999755859375,184.72999572753906,180.71099853515625,182.07000732421875,20990400
2025-07-15,182.6885223388672,183.10000610351562,185.41000366210938,182.38999938964844,183.94000244140625,23911600
2025-07-16,183.3570098876953,183.77000427246094,185.3350067138672,183.0800018310547,184.32000732421875,21152600
2025-07-17,184.284912109375,184.6999969482422,185.18699645996094,181.5,183.11500549316406,21654400
2025-07-18,185.52212524414062,185.94000244140625,187.36000061035156,184.72999572753906,186.6199951171875,21033400
2025-07-21,190.7204132080078,191.14999389648438,191.25999450683594,187.0500030517578,187.10000610351562,24665000
2025-07-22,191.6782684326172,192.11000061035156,193.36000061035156,188.4949951171875,192.4199981689453,26212900
2025-07-23,191.07960510253906,191.50999450683594,193.36000061035156,190.17999267578125,192.36000061035156,34068100
2025-07-24,192.76580810546875,193.1999969482422,198.97000122070312,191.9499969482422,198.11000061035156,45252100
2025-07-25,193.6438446044922,194.0800018310547,195.27499389648438,192.1300048828125,192.92999267578125,31101800
2025-07-28,192.9853057861328,193.4199981689453,194.82000732421875,191.85499572753906,194.41000366210938,25553500
2025-07-29,195.98854064941406,196.42999267578125,196.66000366210938,192.99000549316406,193.3000030517578,31891600
2025-07-30,196.9962921142578,197.44000244140625,198.47999572753906,195.55999755859375,196.3000030517578,21150500
2025-07-31,192.42657470703125,192.86000061035156,196.8300018310547,192.0800018310547,196.60000610351562,27852000
2025-08-01,189.52310180664062,189.9499969482422,191.6179962158203,188.6999969482422,189.77999877929688,21236700
2025-08-04,195.31008911132812,195.75,196.0800018310547,190.9199981689453,191.1750030517578,23386000
2025-08-05,194.8810577392578,195.32000732421875,198.6999969482422,194.6750030517578,195.5449981689453,19010200
2025-08-06,196.4774627685547,196.9199981689453,197.3800048828125,194.4669952392578,195.25,15383700
2025-08-07,196.83665466308594,197.27999877929688,198.3699951171875,195.22000122070312,197.7100067138672,14660600
2025-08-08,201.6358184814453,202.08999633789062,203.42999267578125,197.89999389648438,197.97999572753906,24379900
2025-08-11,201.17686462402344,201.6300048828125,202.16000366210938,199.8000030517578,201.55499267578125,16690200
2025-08-12,203.70118713378906,204.16000366210938,205.1300048828125,201.39999389648438,202.09500122070312,19854000
2025-08-13,202.57371520996094,203.02999877929688,205.42999267578125,198.63999938964844,204.97999572753906,19573000
2025-08-14,203.36195373535156,203.82000732421875,205.4199981689453,202.3249969482422,202.55999755859375,17777100
2025-08-15,204.44949340820312,204.91000366210938,207.3300018310547,202.0850067138672,204.72000122070312,21111400
2025-08-18,203.83090209960938,204.2899932861328,206.13999938964844,203.41000366210938,205.07000732421875,13000200
2025-08-19,202.03494262695312,202.49000549316406,204.2899932861328,200.92999267578125,203.90499877929688,13476600
2025-08-20,199.74009704589844,200.19000244140625,202.1699981689453,197.4600067138672,201.67999267578125,13971700
2025-08-21,200.16912841796875,200.6199951171875,203.36000061035156,200.39999389648438,200.72000122070312,11768900
2025-08-22,206.2554473876953,206.72000122070312,209.22999572753906,202.1300048828125,203.9600067138672,25723700
2025-08-25,208.68995666503906,209.16000366210938,211.08999633789062,205.9499969482422,207.0,22788800
2025-08-26,207.482666015625,207.9499969482422,208.4600067138672,206.4499969482422,208.3699951171875,23051000
2025-08-27,207.74208068847656,208.2100067138672,209.57000732421875,206.38999938964844,206.4600067138672,15249000
2025-08-28,211.89273071289062,212.3699951171875,212.89999389648438,207.60000610351562,207.83999633789062,20915700
2025-08-29,213.05010986328125,213.52999877929688,215.33999633789062,210.97000122070312,211.27000427246094,24682200
2025-09-02,211.51358032226562,211.99000549316406,212.36900329589844,206.9600067138672,208.99000549316406,28900100
2025-09-03,230.58065795898438,231.10000610351562,231.8000030517578,225.1199951171875,226.47999572753906,72250300
2025-09-04,232.13714599609375,232.66000366210938,232.77000427246094,226.75999450683594,230.15499877929688,32196000
2025-09-05,234.64149475097656,235.1699981689453,236.1300048828125,232.3800048828125,232.66000366210938,26127700
2025-09-08,233.84259033203125,234.16000366210938,238.39999389648438,233.72999572753906,235.7899932861328,23128800
2025-09-09,239.61474609375,239.94000244140625,240.58999633789062,233.3800048828125,234.19000244140625,22854800
2025-09-10,239.23526000976562,239.55999755859375,242.0800018310547,238.11000061035156,239.25,19990100
2025-09-11,240.45361328125,240.77999877929688,242.57000732421875,236.5800018310547,240.13999938964844,21308600
2025-09-12,241.0528106689453,241.3800048828125,242.42300415039062,238.5,240.8000030517578,14536600
2025-09-15,251.41873168945312,251.75999450683594,252.75,244.97999572753906,245.13999938964844,29935200
2025-09-16,251.0791778564453,251.4199981689453,253.22999572753906,249.71499633789062,252.3300018310547,24493500
2025-09-17,249.51132202148438,249.85000610351562,251.9499969482422,246.5800018310547,251.4600067138672,20491300
2025-09-18,251.98794555664062,252.3300018310547,254.13999938964844,250.11000061035156,251.86000061035156,21166400
2025-09-19,254.89401245117188,255.24000549316406,256.70001220703125,252.0679931640625,253.39999389648438,41616800
2025-09-22,252.53721618652344,252.8800048828125,256.30999755859375,250.80999755859375,254.77999877929688,20079000
2025-09-23,251.99794006347656,252.33999633789062,254.77000427246094,251.08999633789062,253.65499877929688,17521100
2025-09-24,247.4940643310547,247.8300018310547,252.9600067138672,247.22000122070312,252.14999389648438,16958500
2025-09-25,246.2357635498047,246.57000732421875,247.31500244140625,241.64999389648438,244.83999633789062,17379800
2025-09-26,246.8449249267578,247.17999267578125,250.1199951171875,246.63999938964844,247.78500366210938,16594600
2025-09-29,244.0287628173828,244.36000061035156,251.6479949951172,243.1999969482422,248.27499389648438,23157200
2025-09-30,243.2198486328125,243.5500030517578,243.6750030517578,239.5709991455078,243.05999755859375,22541200
2025-10-01,245.2071533203125,245.5399932861328,247.14999389648438,239.1999969482422,241.17999267578125,23967700
2025-10-02,246.095947265625,246.42999267578125,247.63499450683594,243.10499572753906,245.63999938964844,20657500
2025-10-03,246.1159210205078,246.4499969482422,247.1179962158203,242.47000122070312,245.22999572753906,19941400
2025-10-06,251.16905212402344,251.50999450683594,252.1999969482422,245.69000244140625,245.77999877929688,18309000
2025-10-07,246.7949981689453,247.1300048828125,251.5500030517578,246.80999755859375,248.92999267578125,13811200
2025-10-08,245.1272735595703,245.4600067138672,247.25999450683594,245.08999633789062,246.1999969482422,14136500
2025-10-09,241.88168334960938,242.2100067138672,245.55499267578125,239.67999267578125,245.05999755859375,19375700
2025-10-10,237.16807556152344,237.49000549316406,244.83999633789062,236.68499755859375,242.16000366210938,22449100
2025-10-13,244.30838012695312,244.63999938964844,244.99000549316406,240.75,241.02999877929688,12465000
2025-10-14,245.85629272460938,246.19000244140625,248.02499389648438,241.17799377441406,241.7550048828125,17705400
2025-10-15,251.36880493164062,251.7100067138672,252.75999450683594,246.7899932861328,248.0850067138672,16048100
2025-10-16,251.53857421875,251.8800048828125,257.5799865722656,250.6699981689453,252.46499633789062,18946000
2025-10-17,253.4459686279297,253.7899932861328,254.8800048828125,248.58999633789062,251.35000610351562,17653800
2025-10-20,256.6716003417969,257.0199890136719,257.8800048828125,254.60000610351562,255.22999572753906,13726800
2025-10-21,250.99929809570312,251.33999633789062,255.3800048828125,244.6699981689453,255.25,27836400
2025-10-22,252.18768310546875,252.52999877929688,257.17999267578125,250.4510040283203,255.00999450683594,19650200
2025-10-23,253.3860626220703,253.72999572753906,255.86000061035156,252.76800537109375,253.6999969482422,13241300
2025-10-24,260.1568603515625,260.510009765625,262.510009765625,256.1000061035156,257.29998779296875,18406000
2025-10-27,269.5640869140625,269.92999267578125,270.79998779296875,264.94000244140625,265.3599853515625,22987700
2025-10-28,268.0661315917969,268.42999267578125,271.3800048828125,267.1700134277344,270.20001220703125,20101200
2025-10-29,274.7969970703125,275.1700134277344,275.9700012207031,268.42999267578125,268.6099853515625,26287900
2025-10-30,281.5178527832031,281.8999938964844,291.92999267578125,280.45001220703125,291.7200012207031,48570000
2025-10-31,281.43798828125,281.82000732421875,286.2850036621094,277.52301025390625,283.2049865722656,29932800
2025-11-03,283.73486328125,284.1199951171875,285.94000244140625,280.3699951171875,282.4200134277344,19691800
2025-11-04,277.6830749511719,278.05999755859375,281.8340148925781,276.864990234375,277.06500244140625,18123700
2025-11-05,284.364013671875,284.75,286.70001220703125,277.8800048828125,279.3800048828125,20063200
2025-11-06,284.9532165527344,285.3399963378906,288.80999755859375,281.6199951171875,285.7349853515625,23103800
2025-11-07,279.32086181640625,279.70001220703125,284.5,275.739990234375,284.2099914550781,21991100
2025-11-10,290.19610595703125,290.5899963378906,291.4599914550781,283.5400085449219,285.2650146484375,19508200
2025-11-11,291.3445129394531,291.739990234375,292.3399963378906,287.8800048828125,288.20001220703125,14156700
2025-11-12,287.04034423828125,287.42999267578125,292.3599853515625,284.3800048828125,292.0849914550781,16998800
2025-11-13,278.74163818359375,279.1199951171875,283.510009765625,278.0,282.9849853515625,18060200
2025-11-14,276.60455322265625,276.9800109863281,279.1499938964844,271.4100036621094,271.8949890136719,18330500
2025-11-17,285.2128601074219,285.6000061035156,294.5199890136719,284.2300109863281,286.3999938964844,34286100
2025-11-18,284.5736999511719,284.9599914550781,289.43499755859375,279.010009765625,288.4849853515625,29702200
2025-11-19,292.59283447265625,292.989990234375,304.25,287.6700134277344,287.68499755859375,43123600
2025-11-20,289.5869445800781,289.9800109863281,306.8900146484375,289.1700134277344,304.739990234375,34801400
2025-11-21,299.2438049316406,299.6499938964844,303.9599914550781,294.3599853515625,296.8699951171875,43670600
2025-11-24,318.0382995605469,318.4700012207031,319.79998779296875,309.3999938964844,311.010009765625,55311800
2025-11-25,323.2012939453125,323.6400146484375,328.6700134277344,317.8160095214844,326.79998779296875,50899300
2025-11-26,319.8458557128906,320.2799987792969,324.989990234375,317.20001220703125,320.7799987792969,29839600
2025-11-28,319.68603515625,320.1199951171875,326.8800048828125,316.94000244140625,323.42999267578125,19695800
2025-12-01,314.6928405761719,315.1199951171875,319.6300048828125,313.9800109863281,317.4750061035156,28520600
2025-12-02,315.59161376953125,316.0199890136719,318.6000061035156,314.2200012207031,316.8999938964844,24668200
2025-12-03,320.1853942871094,320.6199951171875,322.0400085449219,314.2799987792969,316.0299987792969,32285100
2025-12-04,317.9584045410156,318.3900146484375,323.0989990234375,315.5899963378906,323.0450134277344,20831600
2025-12-05,321.65338134765625,322.0899963378906,323.8299865722656,319.9800109863281,320.0,15719900
2025-12-08,314.2286376953125,314.45001220703125,321.2300109863281,311.9100036621094,321.0299987792969,22006900
2025-12-09,317.52630615234375,317.75,318.7090148925781,312.6199951171875,313.1000061035156,14151300
2025-12-10,320.7740173339844,321.0,321.8699951171875,315.3999938964844,316.6199951171875,22764500
2025-12-11,313.4791564941406,313.70001220703125,321.989990234375,309.8800048828125,321.1000061035156,25912100
2025-12-12,310.3013916015625,310.5199890136719,316.1400146484375,306.9599914550781,314.7950134277344,21264800
2025-12-15,309.10223388671875,309.32000732421875,312.70001220703125,305.739990234375,312.625,22028900
2025-12-16,307.51336669921875,307.7300109863281,311.8450012207031,303.8299865722656,306.0,21285200
2025-12-17,297.85015869140625,298.05999755859375,309.19500732421875,297.45001220703125,309.010009765625,29120400
2025-12-18,303.5361633300781,303.75,305.260009765625,300.6300048828125,303.05999755859375,21040500
2025-12-19,308.3927307128906,308.6099853515625,308.989990234375,302.3399963378906,303.2699890136719,45234400
2025-12-22,311.1108093261719,311.3299865722656,311.70001220703125,306.5899963378906,311.2250061035156,14091400
2025-12-23,315.457763671875,315.67999267578125,316.29998779296875,310.75,311.135009765625,13961400
2025-12-24,315.4477844238281,315.6700134277344,316.2900085449219,313.32000732421875,316.1499938964844,6138200
2025-12-26,314.7382507324219,314.9599914550781,316.55999755859375,313.7200012207031,315.9200134277344,6730900
2025-12-29,314.168701171875,314.3900146484375,314.9700012207031,311.8999938964844,312.82000732421875,12317700
2025-12-30,314.32855224609375,314.54998779296875,317.70001220703125,313.25,313.4100036621094,11052500
2025-12-31,313.5790710449219,313.79998779296875,315.3900146484375,312.20001220703125,313.3699951171875,10821500
2026-01-02,315.0980224609375,315.32000732421875,322.91400146484375,310.6499938964844,317.5899963378906,22043700
2026-01-05,317.09661865234375,317.32000732421875,319.25,315.2489929199219,317.69500732421875,19934000
2026-01-06,314.32855224609375,314.54998779296875,321.55999755859375,312.3399963378906,317.30999755859375,18989900
2026-01-07,322.2030029296875,322.42999267578125,326.4649963378906,314.5,314.57000732421875,24681800
2026-01-08,325.7804870605469,326.010009765625,330.5400085449219,321.989990234375,329.2650146484375,21789600
2026-01-09,328.9082946777344,329.1400146484375,331.4800109863281,326.25,327.489990234375,17917700
2026-01-12,332.4957580566406,332.7300109863281,334.44000244140625,325.510009765625,326.5,23893800
2026-01-13,336.1931457519531,336.42999267578125,341.20001220703125,334.3500061035156,335.2799987792969,24616700
2026-01-14,336.0732421875,336.30999755859375,337.0299987792969,331.1400146484375,334.9849853515625,17839300
2026-01-15,332.92547607421875,333.1600036621094,338.1300048828125,331.2900085449219,338.05499267578125,16424900
2026-01-16,330.1074523925781,330.3399963378906,335.239990234375,328.1700134277344,334.93499755859375,21868600
2026-01-20,321.9331970214844,322.1600036621094,328.0899963378906,320.8900146484375,321.239990234375,27169900
2026-01-21,328.1488342285156,328.3800048828125,332.7250061035156,319.5400085449219,321.0950012207031,22791700
2026-01-22,330.6070861816406,330.8399963378906,335.2099914550781,328.8800048828125,334.2650146484375,19902100
2026-01-23,328.19879150390625,328.42999267578125,334.0299987792969,327.9700012207031,332.6549987792969,19110600
2026-01-26,333.35516357421875,333.5899963378906,336.3500061035156,327.489990234375,328.20001220703125,18502500
2026-01-27,334.76416015625,335.0,338.2149963378906,333.75,335.6300048828125,16080900
2026-01-28,336.04327392578125,336.2799987792969,337.6300048828125,332.1300048828125,336.6099853515625,17538500
2026-01-29,338.4216003417969,338.6600036621094,342.2900085449219,326.7200012207031,340.3500061035156,24548300
2026-01-30,338.29168701171875,338.5299987792969,340.2900085449219,332.6400146484375,334.4599914550781,21740200
2026-02-02,344.6571960449219,344.8999938964844,345.1650085449219,336.010009765625,336.54998779296875,22775200
2026-02-03,340.4601745605469,340.70001220703125,350.1499938964844,338.5899963378906,348.5150146484375,25786500
2026-02-04,333.1053161621094,333.3399963378906,344.25,329.3699951171875,343.7550048828125,36991100
2026-02-05,331.09674072265625,331.3299865722656,332.6440124511719,306.9200134277344,313.20001220703125,51842000
2026-02-06,322.87255859375,323.1000061035156,330.6400146484375,320.1499938964844,327.3500061035156,33877000
2026-02-09,324.171630859375,324.3999938964844,327.739990234375,317.70001220703125,321.239990234375,26103300
2026-02-10,318.40570068359375,318.6300048828125,321.6300048828125,314.6600036621094,320.9100036621094,25281900
2026-02-11,311.1108093261719,311.3299865722656,321.0450134277344,310.1300048828125,318.9599914550781,24008100
2026-02-12,309.1521911621094,309.3699951171875,316.4800109863281,308.1499938964844,312.3500061035156,28194000
2026-02-13,305.8045654296875,306.0199890136719,308.8900146484375,303.8999938964844,307.9849853515625,20236000
2026-02-17,302.6068115234375,302.82000732421875,304.8900146484375,296.8999938964844,300.6400146484375,23750800
2026-02-18,303.7260437011719,303.94000244140625,305.9100036621094,301.9800109863281,302.4320068359375,15847700
2026-02-19,303.3462829589844,303.55999755859375,306.0299987792969,300.6700134277344,302.5199890136719,13448600
2026-02-20,314.6783142089844,314.8999938964844,316.760009765625,304.4200134277344,304.79998779296875,33663100
2026-02-23,311.4705810546875,311.69000244140625,319.4549865722656,309.989990234375,319.1400146484375,17641200
2026-02-24,310.7011413574219,310.9200134277344,312.3699951171875,306.0899963378906,310.6400146484375,15040700
2026-02-25,312.80963134765625,313.0299987792969,313.6600036621094,309.3599853515625,312.1199951171875,20209100
2026-02-26,306.93377685546875,307.1499938964844,313.0,302.4100036621094,312.80499267578125,22380000
2026-02-27,311.21075439453125,311.42999267578125,312.0799865722656,303.59100341796875,303.94000244140625,33389200
2026-03-02,306.1443176269531,306.3599853515625,308.1400146484375,301.05999755859375,302.9649963378906,21854400
2026-03-03,303.3462829589844,303.55999755859375,303.94000244140625,296.6990051269531,298.4200134277344,20361100
2026-03-04,303.23638916015625,303.45001220703125,305.4599914550781,300.79998779296875,302.68499755859375,20015600
2026-03-05,300.6981506347656,300.9100036621094,303.3699951171875,298.07000732421875,303.20001220703125,22643900
2026-03-06,298.0899963378906,298.29998779296875,300.3299865722656,295.25,296.0719909667969,17598000
2026-03-09,306.010009765625,306.010009765625,306.5,293.92999267578125,294.135009765625,19632700
2026-03-10,306.92999267578125,306.92999267578125,309.1499938964844,305.30999755859375,305.875,14386400
2026-03-11,308.4200134277344,308.4200134277344,311.0690002441406,305.8399963378906,306.29998779296875,13376700
2026-03-12,303.2099914550781,303.2099914550781,308.6400146484375,300.8399963378906,306.2099914550781,15610200
2026-03-13,301.4599914550781,301.4599914550781,307.260009765625,299.7799987792969,306.6549987792969,16857500
2026-03-16,304.4200134277344,304.4200134277344,305.57000732421875,301.80999755859375,303.6000061035156,14822000
2026-03-17,309.4100036621094,309.4100036621094,310.04998779296875,304.3500061035156,304.6700134277344,14423600
2026-03-18,306.29998779296875,306.29998779296875,310.75,305.5450134277344,307.9049987792969,13848400
2026-03-19,305.7300109863281,305.7300109863281,306.67999267578125,301.0,303.2099914550781,15399700
2026-03-20,298.7900085449219,298.7900085449219,304.3699951171875,296.75,304.07000732421875,34763500
2026-03-23,299.0199890136719,299.0199890136719,303.3699951171875,298.0299987792969,300.5299987792969,22204100
2026-03-24,289.20001220703125,289.20001220703125,297.1000061035156,288.8550109863281,296.2099914550781,27411200
2026-03-25,289.5899963378906,289.5899963378906,294.6600036621094,287.3699951171875,292.1499938964844,22343000
2026-03-26,280.739990234375,280.739990234375,286.5150146484375,279.04998779296875,286.19000244140625,29281200
2026-03-27,273.760009765625,273.760009765625,279.0899963378906,273.4800109863281,277.3999938964844,25703300
2026-03-30,273.1400146484375,273.1400146484375,276.260009765625,271.5350036621094,275.44000244140625,22752300
2026-03-31,286.8599853515625,286.8599853515625,287.04998779296875,276.760009765625,277.5400085449219,31625100
2026-04-01,294.8999938964844,294.8999938964844,297.9849853515625,289.4700012207031,289.9800109863281,24403600
2026-04-02,294.4599914550781,294.4599914550781,295.8999938964844,287.57000732421875,288.989990234375,13433400
2026-04-06,297.6600036621094,297.6600036621094,298.42498779296875,293.7900085449219,294.70001220703125,10105400
